,gene,cluster,geneFrequency,geneFrequencyOutsideCluster,geneFrequencySecondBest,geneFrequencyGlobal,secondBestClusterName,tfidf,idf,qval
ADAM28,ADAM28,EVT_2,0.345413363533409,0.0563380281690141,0.0563380281690141,0.323899371069182,eEVT,0.389392220088239,1.12732239455054,5.77692213510844e-05
PGPEP1,PGPEP1,EVT_2,0.336353340883352,0.0985915492957746,0.0985915492957746,0.318658280922432,eEVT,0.384665779278022,1.14363597004206,0.00831193984091781
EGLN3,EGLN3,EVT_2,0.446206115515289,0.140845070422535,0.140845070422535,0.423480083857442,eEVT,0.383402066403094,0.859248793487136,0.000248782886082519
NLGN2,NLGN2,EVT_2,0.298980747451869,0.028169014084507,0.028169014084507,0.278825995807128,eEVT,0.381848452711188,1.27716736266659,4.51491998283151e-05
RFK,RFK,EVT_2,0.27519818799547,0.0563380281690141,0.0563380281690141,0.258909853249476,eEVT,0.371868523625521,1.35127533482031,0.00756100667739792
FOSB,FOSB,EVT_2,0.494903737259343,0.225352112676056,0.225352112676056,0.474842767295597,eEVT,0.368590221502622,0.744771545965253,0.00827762961075845
FAM89A,FAM89A,EVT_2,0.55832389580974,0.267605633802817,0.267605633802817,0.536687631027254,eEVT,0.347466760905468,0.622339046408779,0.00270823323826428
RFX2,RFX2,EVT_2,0.578708946772367,0.211267605633803,0.211267605633803,0.551362683438155,eEVT,0.344541581428205,0.595362458710577,6.1985153520128e-06
SLCO2B1,SLCO2B1,EVT_2,0.567383918459796,0.267605633802817,0.267605633802817,0.545073375262054,eEVT,0.344308340652638,0.606834859872813,0.00139132668305659
ZNF486,ZNF486,EVT_2,0.595696489241223,0.267605633802817,0.267605633802817,0.571278825995807,eEVT,0.33351728560468,0.559877876785042,0.000175459501954366
AC245041.2,AC245041.2,EVT_2,0.59682899207248,0.323943661971831,0.323943661971831,0.576519916142558,eEVT,0.328700817925111,0.55074539322177,0.00885489371069939
XACT,XACT,EVT_2,0.621744054360136,0.253521126760563,0.253521126760563,0.594339622641509,eEVT,0.323496147087852,0.520304367720534,6.1985153520128e-06
ACOT11,ACOT11,EVT_2,0.167610419026048,0,0,0.155136268343816,eEVT,0.312333869600518,1.86345139768417,0.0055522077980397
IGFBP3,IGFBP3,EVT_2,0.665911664779162,0.295774647887324,0.295774647887324,0.638364779874214,eEVT,0.298891390031906,0.44884540373839,6.1985153520128e-06
GRAMD2B,GRAMD2B,EVT_2,0.694224235560589,0.380281690140845,0.380281690140845,0.670859538784067,eEVT,0.277131187421258,0.399195495094569,0.000350005942677958
FOSL2,FOSL2,EVT_2,0.714609286523216,0.338028169014085,0.338028169014085,0.686582809224319,eEVT,0.268713412228794,0.376028435813035,2.48436246854599e-06
SLC2A3,SLC2A3,EVT_2,0.750849377123443,0.183098591549296,0.183098591549296,0.708595387840671,eEVT,0.258645531997428,0.344470595405322,3.84109314243708e-17
CMTM4,CMTM4,EVT_2,0.764439411098528,0.47887323943662,0.47887323943662,0.743186582809224,eEVT,0.226891843508955,0.296808144916159,0.00113885860136129
DIO2,DIO2,EVT_2,0.841449603624009,0.549295774647887,0.549295774647887,0.819706498951782,eEVT,0.167287696105222,0.198808930902975,9.07845436475458e-05
FGD4,FGD4,EVT_2,0.869762174405436,0.619718309859155,0.619718309859155,0.851153039832285,eEVT,0.140173769454264,0.161163331286609,0.000893392530877986
JAK1,JAK1,EVT_2,0.927519818799547,0.605633802816901,0.605633802816901,0.90356394129979,eEVT,0.094058301520478,0.101408400784593,1.17822510299038e-08
XYLT1,XYLT1,EVT_2,0.928652321630804,0.676056338028169,0.676056338028169,0.909853249475891,eEVT,0.0877316020001222,0.0944719567879364,1.69070795126089e-05
PCSK6,PCSK6,EVT_2,0.92638731596829,0.732394366197183,0.732394366197183,0.911949685534591,eEVT,0.0853855448653675,0.0921704597996571,0.00413540217431291
RASGRF2,RASGRF2,EVT_2,0.97281993204983,0.633802816901408,0.633802816901408,0.947589098532495,eEVT,0.0523710908235543,0.05383431105611,1.88651016538837e-14
JAG1,JAG1,eEVT,0.52112676056338,0.0226500566251416,0.0226500566251416,0.059748427672956,EVT_2,1.46833322441843,2.81761240361374,5.58299077605972e-28
NCAM1,NCAM1,eEVT,0.676056338028169,0.0973952434881087,0.0973952434881087,0.140461215932914,EVT_2,1.32697951875879,1.96282387149738,6.9470542924568e-24
GGT2,GGT2,eEVT,0.549295774647887,0.0656851642129105,0.0656851642129105,0.10167714884696,EVT_2,1.2556641552796,2.2859526929449,4.65808974213952e-20
EIF4E1B,EIF4E1B,eEVT,0.352112676056338,0.00226500566251416,0.00226500566251416,0.0283018867924528,EVT_2,1.25522070614224,3.56482680544396,3.18632315674935e-24
TLL1,TLL1,eEVT,0.647887323943662,0.110985277463194,0.110985277463194,0.150943396226415,EVT_2,1.22505798741021,1.89085037187229,4.41628725484504e-20
PRUNE2,PRUNE2,eEVT,0.676056338028169,0.122310305775764,0.122310305775764,0.163522012578616,EVT_2,1.22420799833155,1.81080766419875,1.53943662089701e-20
AC023905.1,AC023905.1,eEVT,0.47887323943662,0.0486976217440544,0.0486976217440544,0.0807127882599581,EVT_2,1.20525606318615,2.5168582495946,1.89851921963908e-18
SLC5A5,SLC5A5,eEVT,0.380281690140845,0.0169875424688562,0.0169875424688562,0.0440251572327044,EVT_2,1.18761745683736,3.12299405316492,2.92117007410021e-19
PLPP3,PLPP3,eEVT,0.633802816901408,0.124575311438279,0.124575311438279,0.162473794549266,EVT_2,1.15177091484235,1.81723855452904,1.02556007224379e-17
FAM81A,FAM81A,eEVT,0.422535211267606,0.0373725934314836,0.0373725934314836,0.0660377358490566,EVT_2,1.14825166692539,2.71752894505675,6.33037717836329e-17
PCA3,PCA3,eEVT,0.436619718309859,0.044167610419026,0.044167610419026,0.0733752620545073,EVT_2,1.14052424382207,2.61216842939893,1.62791843324705e-16
SULT1A2,SULT1A2,eEVT,0.295774647887324,0.00113250283125708,0.00113250283125708,0.0230607966457023,EVT_2,1.11495838844915,3.76962121808997,1.42294501421047e-20
CGNL1,CGNL1,eEVT,0.450704225352113,0.0611551528878822,0.0611551528878822,0.090146750524109,EVT_2,1.08453695783427,2.40631637519478,1.80234045012108e-14
IL17RE,IL17RE,eEVT,0.52112676056338,0.0939977349943375,0.0939977349943375,0.125786163522013,EVT_2,1.08038537127677,2.07317192866624,2.33800543321771e-14
ADORA1,ADORA1,eEVT,0.323943661971831,0.0124575311438279,0.0124575311438279,0.0356394129979036,EVT_2,1.080126371509,3.33430314683212,7.84605387205827e-17
HES4,HES4,eEVT,0.661971830985915,0.171007927519819,0.171007927519819,0.207547169811321,EVT_2,1.04088228331586,1.57239664075375,7.13399120106825e-15
KLHL29,KLHL29,eEVT,0.816901408450704,0.236693091732729,0.236693091732729,0.279874213836478,EVT_2,1.04025451770121,1.27341501304804,3.79134442330171e-19
ACHE,ACHE,eEVT,0.28169014084507,0.00453001132502831,0.00453001132502831,0.0251572327044025,EVT_2,1.037354884817,3.68260984110034,3.06018008763901e-17
AC090673.1,AC090673.1,eEVT,0.267605633802817,0.00113250283125708,0.00113250283125708,0.0209643605870021,EVT_2,1.03427741633791,3.8649313978943,1.54624483651496e-18
CXCL12,CXCL12,eEVT,0.267605633802817,0.00113250283125708,0.00113250283125708,0.0209643605870021,EVT_2,1.03427741633791,3.8649313978943,1.54624483651496e-18
ACKR3,ACKR3,eEVT,0.295774647887324,0.0101925254813137,0.0101925254813137,0.0314465408805031,EVT_2,1.02322242373956,3.45946628978613,1.34864882264707e-15
ITGA2,ITGA2,eEVT,0.408450704225352,0.0554926387315968,0.0554926387315968,0.0817610062893082,EVT_2,1.02274211969017,2.50395484475869,9.75120637516951e-13
SLC12A9,SLC12A9,eEVT,0.577464788732394,0.148357870894677,0.148357870894677,0.180293501048218,EVT_2,0.98929488704265,1.71316919463483,4.2725953953395e-12
LINC00535,LINC00535,eEVT,0.309859154929577,0.0203850509626274,0.0203850509626274,0.0419287211740042,EVT_2,0.982806377202193,3.17178421733435,2.82417217668092e-13
AL603840.1,AL603840.1,eEVT,0.309859154929577,0.0237825594563986,0.0237825594563986,0.0450733752620545,EVT_2,0.960397158121182,3.09946355575472,1.98011637076975e-12
ARHGAP44,ARHGAP44,eEVT,0.436619718309859,0.0917327293318233,0.0917327293318233,0.117400419287212,EVT_2,0.935311391616182,2.14216480015319,6.37152401758889e-10
CYP26B1,CYP26B1,eEVT,0.267605633802817,0.0124575311438279,0.0124575311438279,0.0314465408805031,EVT_2,0.925772669097697,3.45946628978613,1.0769609744218e-12
PIPOX,PIPOX,eEVT,0.661971830985915,0.214043035107588,0.214043035107588,0.247379454926625,EVT_2,0.924663348195293,1.39683186642268,1.43206041845876e-11
MAPK12,MAPK12,eEVT,0.338028169014085,0.044167610419026,0.044167610419026,0.0660377358490566,EVT_2,0.918601333540311,2.71752894505675,2.38894509735844e-10
PAPLN,PAPLN,eEVT,0.676056338028169,0.224235560588901,0.224235560588901,0.257861635220126,EVT_2,0.916280880348794,1.35533213551592,1.33077914661821e-11
AC127526.1,AC127526.1,eEVT,0.408450704225352,0.0826727066817667,0.0826727066817667,0.106918238993711,EVT_2,0.913169505447274,2.23569085816402,2.04411415972233e-09
SCARA3,SCARA3,eEVT,0.422535211267606,0.0906002265005662,0.0906002265005662,0.115303983228512,EVT_2,0.912753509432058,2.16018330565587,2.40788554023892e-09
GGT1,GGT1,eEVT,0.253521126760563,0.0113250283125708,0.0113250283125708,0.0293501048218029,EVT_2,0.894538942294584,3.52845916127308,4.2725953953395e-12
CNKSR1,CNKSR1,eEVT,0.549295774647887,0.168742921857305,0.168742921857305,0.19706498951782,EVT_2,0.892178121635425,1.62422170861834,3.53667557481952e-09
SLC26A6,SLC26A6,eEVT,0.464788732394366,0.124575311438279,0.124575311438279,0.149895178197065,EVT_2,0.882084906467838,1.89781904118838,1.75110757564559e-08
DGKI,DGKI,eEVT,0.464788732394366,0.12797281993205,0.12797281993205,0.153039832285115,EVT_2,0.87243496678054,1.87705704973995,3.24758230451064e-08
ABCC4,ABCC4,eEVT,0.338028169014085,0.0554926387315968,0.0554926387315968,0.0765199161425577,EVT_2,0.868801429960528,2.5702042302999,7.89675938328037e-09
PPFIA4,PPFIA4,eEVT,0.253521126760563,0.014722536806342,0.014722536806342,0.0324947589098532,EVT_2,0.868734878948402,3.42667646696314,4.82133566628747e-11
TNFRSF8,TNFRSF8,eEVT,0.253521126760563,0.0169875424688562,0.0169875424688562,0.0345911949685535,EVT_2,0.852884647601021,3.36415610998181,2.04454863308047e-10
IQCA1,IQCA1,eEVT,0.507042253521127,0.161947904869762,0.161947904869762,0.187631027253669,EVT_2,0.848422579744664,1.67327786560753,9.03989915117729e-08
SAMD4A,SAMD4A,eEVT,0.492957746478873,0.154020385050963,0.154020385050963,0.179245283018868,EVT_2,0.84739442286052,1.71900011494563,1.12492156391815e-07
NTN4,NTN4,eEVT,0.577464788732394,0.206115515288788,0.206115515288788,0.233752620545073,EVT_2,0.839340392950914,1.45349189998817,4.25656121855271e-08
PTGER3,PTGER3,eEVT,0.464788732394366,0.141562853907135,0.141562853907135,0.165618448637317,EVT_2,0.835722043209909,1.79806863842132,2.71829963753053e-07
STX6,STX6,eEVT,0.507042253521127,0.169875424688562,0.169875424688562,0.19496855345912,EVT_2,0.828971998851593,1.63491699773509,2.72455911280573e-07
COL26A1,COL26A1,eEVT,0.380281690140845,0.0917327293318233,0.0917327293318233,0.113207547169811,EVT_2,0.828455999954223,2.17853244432407,2.72455911280573e-07
DOCK4,DOCK4,eEVT,0.436619718309859,0.12797281993205,0.12797281993205,0.150943396226415,EVT_2,0.82558255673297,1.89085037187229,4.88194289022778e-07
GART,GART,eEVT,0.591549295774648,0.22083805209513,0.22083805209513,0.248427672955975,EVT_2,0.823793637650036,1.39260353031316,6.99432919294091e-08
PPP4R4,PPP4R4,eEVT,0.338028169014085,0.0702151755379389,0.0702151755379389,0.090146750524109,EVT_2,0.8134027183757,2.40631637519478,2.84503521577129e-07
MYL10,MYL10,eEVT,0.23943661971831,0.0169875424688562,0.0169875424688562,0.0335429769392034,EVT_2,0.812870029113035,3.39492776864856,1.63159573705838e-09
TCF7L1,TCF7L1,eEVT,0.492957746478873,0.168742921857305,0.168742921857305,0.192872117400419,EVT_2,0.811274323723599,1.6457279138393,8.59050255185916e-07
HECW2,HECW2,eEVT,0.464788732394366,0.151755379388448,0.151755379388448,0.175052410901468,EVT_2,0.809973314761134,1.74266985903153,1.14747803302321e-06
AKT1,AKT1,eEVT,0.71830985915493,0.29445073612684,0.29445073612684,0.325995807127883,EVT_2,0.805132517221432,1.12087075926905,1.55576354904328e-09
ERBB4,ERBB4,eEVT,0.295774647887324,0.0475651189127973,0.0475651189127973,0.0660377358490566,EVT_2,0.803776166847772,2.71752894505675,1.22322741078561e-07
ABR,ABR,eEVT,0.859154929577465,0.355605889014723,0.355605889014723,0.393081761006289,EVT_2,0.802225301044372,0.933737645477876,6.34852627423987e-14
MYO7B,MYO7B,eEVT,0.591549295774648,0.231030577576444,0.231030577576444,0.257861635220126,EVT_2,0.801745770305194,1.35533213551592,2.43034554119067e-07
SYT12,SYT12,eEVT,0.338028169014085,0.0747451868629672,0.0747451868629672,0.0943396226415094,EVT_2,0.7980351553075,2.36085400111802,7.43827083849218e-07
IL20RA,IL20RA,eEVT,0.492957746478873,0.175537938844847,0.175537938844847,0.19916142557652,EVT_2,0.795456140493986,1.6136395992878,2.10438867966584e-06
OSBPL6,OSBPL6,eEVT,0.464788732394366,0.158550396375991,0.158550396375991,0.181341719077568,EVT_2,0.793567303371363,1.70737207695051,2.85846068555501e-06
LIFR-AS1,LIFR-AS1,eEVT,0.732394366197183,0.308040770101925,0.308040770101925,0.339622641509434,EVT_2,0.790927437945208,1.07992015565596,1.63159573705838e-09
STRIP2,STRIP2,eEVT,0.690140845070423,0.288788221970555,0.288788221970555,0.318658280922432,EVT_2,0.789269894817763,1.14363597004206,1.41206422384739e-08
KIAA1614,KIAA1614,eEVT,0.225352112676056,0.014722536806342,0.014722536806342,0.030398322851153,EVT_2,0.787237823428014,3.49336784146181,3.37089212773334e-09
AL137024.1,AL137024.1,eEVT,0.549295774647887,0.217440543601359,0.217440543601359,0.242138364779874,EVT_2,0.779036513748355,1.41824596092649,2.16827975846451e-06
TMCC3,TMCC3,eEVT,0.380281690140845,0.10872027180068,0.10872027180068,0.128930817610063,EVT_2,0.778999176535894,2.04847931607587,4.90215844459636e-06
AL691420.1,AL691420.1,eEVT,0.422535211267606,0.138165345413364,0.138165345413364,0.159329140461216,EVT_2,0.776105556592399,1.83678315060201,7.6532216199044e-06
SMAD3,SMAD3,eEVT,0.802816901408451,0.346545866364666,0.346545866364666,0.380503144654088,EVT_2,0.775730531259942,0.966260837183436,4.39466054176972e-11
ABCC5,ABCC5,eEVT,0.816901408450704,0.353340883352208,0.353340883352208,0.387840670859539,EVT_2,0.773736881929309,0.947160665810016,1.63873635825474e-11
YPEL2,YPEL2,eEVT,0.690140845070423,0.297848244620612,0.297848244620612,0.327044025157233,EVT_2,0.771343150680301,1.1176604836388,4.07634837422293e-08
ZNF423,ZNF423,eEVT,0.535211267605634,0.212910532276331,0.212910532276331,0.236897274633124,EVT_2,0.770773092150535,1.440128672176,4.2254492775678e-06
DEF6,DEF6,eEVT,0.52112676056338,0.204983012457531,0.204983012457531,0.228511530398323,EVT_2,0.76927096507592,1.4761686086592,5.76251444024319e-06
COL6A1,COL6A1,eEVT,0.408450704225352,0.132502831257078,0.132502831257078,0.153039832285115,EVT_2,0.766685273837444,1.87705704973995,1.19059728981882e-05
MAN1C1,MAN1C1,eEVT,0.661971830985915,0.289920724801812,0.289920724801812,0.317610062893082,EVT_2,0.759235925339847,1.14693086593892,2.49172321076382e-07
GRAMD1C,GRAMD1C,eEVT,0.535211267605634,0.218573046432616,0.218573046432616,0.242138364779874,EVT_2,0.759061218524038,1.41824596092649,7.66589120544149e-06
IRF8,IRF8,eEVT,0.253521126760563,0.0339750849377123,0.0339750849377123,0.050314465408805,EVT_2,0.757891942108833,2.9894626605404,2.97341325761994e-07
TBC1D2B,TBC1D2B,eEVT,0.577464788732394,0.244620611551529,0.244620611551529,0.269392033542977,EVT_2,0.757395648572898,1.31158758655307,3.59454143470818e-06
PLAC9,PLAC9,eEVT,0.295774647887324,0.0600226500566251,0.0600226500566251,0.0775681341719078,EVT_2,0.756177044269387,2.55659857824412,2.67894895103038e-06
PRSS22,PRSS22,eEVT,0.436619718309859,0.156285390713477,0.156285390713477,0.177148846960168,EVT_2,0.755686107778614,1.73076495652521,2.16898930395866e-05
ANKRD53,ANKRD53,eEVT,0.211267605633803,0.0135900339750849,0.0135900339750849,0.0283018867924528,EVT_2,0.753132423685343,3.56482680544396,1.34064761987135e-08
CAPN12,CAPN12,eEVT,0.422535211267606,0.149490373725934,0.149490373725934,0.169811320754717,EVT_2,0.749183381499677,1.7730673362159,3.01332165835355e-05
MICAL1,MICAL1,eEVT,0.492957746478873,0.197055492638732,0.197055492638732,0.219077568134172,EVT_2,0.74847224904115,1.51832941948348,2.26450867434541e-05
GNG4,GNG4,eEVT,0.577464788732394,0.251415628539071,0.251415628539071,0.275681341719078,EVT_2,0.744068946621006,1.28850963927052,7.30619165633769e-06
HMGA2,HMGA2,eEVT,0.197183098591549,0.00906002265005663,0.00906002265005663,0.0230607966457023,EVT_2,0.743305592299431,3.76962121808997,5.53255959191905e-09
PRKAR2B,PRKAR2B,eEVT,0.253521126760563,0.0373725934314836,0.0373725934314836,0.0534591194968553,EVT_2,0.742522319676497,2.92883803872396,8.62984040885518e-07
SLC12A2,SLC12A2,eEVT,0.422535211267606,0.154020385050963,0.154020385050963,0.174004192872117,EVT_2,0.738877133700737,1.74867588309174,5.13408551001545e-05
CCDC134,CCDC134,eEVT,0.535211267605634,0.22876557191393,0.22876557191393,0.251572327044025,EVT_2,0.738604794761116,1.3800247481063,2.10600582316924e-05
FLVCR2,FLVCR2,eEVT,0.535211267605634,0.22876557191393,0.22876557191393,0.251572327044025,EVT_2,0.738604794761116,1.3800247481063,2.10600582316924e-05
RPUSD3,RPUSD3,eEVT,0.323943661971831,0.0849377123442809,0.0849377123442809,0.10272536687631,EVT_2,0.737197358223767,2.27569619277771,1.84526324594806e-05
PBX3,PBX3,eEVT,0.408450704225352,0.144960362400906,0.144960362400906,0.164570230607966,EVT_2,0.737015748125343,1.80441786609998,5.35136813401999e-05
SYTL1,SYTL1,eEVT,0.267605633802817,0.0475651189127973,0.0475651189127973,0.0639412997903564,EVT_2,0.735859244200345,2.74978980727498,2.87325982690847e-06
AC025180.1,AC025180.1,eEVT,0.422535211267606,0.157417893544734,0.157417893544734,0.177148846960168,EVT_2,0.731309136559949,1.73076495652521,7.38067879076367e-05
EZH2,EZH2,eEVT,0.591549295774648,0.26727066817667,0.26727066817667,0.291404612159329,EVT_2,0.729405456701708,1.23304255775765,1.05117462860018e-05
ISYNA1,ISYNA1,eEVT,0.352112676056338,0.10872027180068,0.10872027180068,0.126834381551363,EVT_2,0.727068002060403,2.06487312585155,5.3418715179148e-05
PTPRN2,PTPRN2,eEVT,0.225352112676056,0.0249150622876557,0.0249150622876557,0.039832285115304,EVT_2,0.726327326585217,3.2230775117219,3.89635462062341e-07
ST3GAL2,ST3GAL2,eEVT,0.295774647887324,0.0702151755379389,0.0702151755379389,0.0870020964360587,EVT_2,0.722229356854725,2.44182306365169,1.93942688699655e-05
EYS,EYS,eEVT,0.352112676056338,0.110985277463194,0.110985277463194,0.128930817610063,EVT_2,0.721295533829531,2.04847931607587,7.22438031144895e-05
DAPP1,DAPP1,eEVT,0.774647887323944,0.363533408833522,0.363533408833522,0.394129979035639,EVT_2,0.721254916101571,0.931074528058392,7.89675938328037e-09
DYSF,DYSF,eEVT,0.464788732394366,0.192525481313703,0.192525481313703,0.212788259958071,EVT_2,0.719240899287528,1.5474576924065,0.000115941380223363
ADCY7,ADCY7,eEVT,0.507042253521127,0.221970554926387,0.221970554926387,0.243186582809224,EVT_2,0.716920377354242,1.41392629978198,8.97244663149955e-05
EHBP1L1,EHBP1L1,eEVT,0.323943661971831,0.0928652321630804,0.0928652321630804,0.110062893081761,EVT_2,0.714847554784332,2.20670332129076,6.01796940497148e-05
KLHL17,KLHL17,eEVT,0.267605633802817,0.0532276330690827,0.0532276330690827,0.0691823899371069,EVT_2,0.71477703745092,2.67100892942186,1.04427055539098e-05
PAX8,PAX8,eEVT,0.52112676056338,0.233295583238958,0.233295583238958,0.254716981132075,EVT_2,0.712694118873047,1.36760222810774,9.00717190787789e-05
HLA-F,HLA-F,eEVT,0.309859154929577,0.0838052095130238,0.0838052095130238,0.10062893081761,EVT_2,0.711534374078449,2.29631547998045,5.22520779293237e-05
IGSF8,IGSF8,eEVT,0.464788732394366,0.197055492638732,0.197055492638732,0.216981132075472,EVT_2,0.710171563099102,1.52794487818292,0.000182918526253721
PPM1N,PPM1N,eEVT,0.323943661971831,0.0951302378255946,0.0951302378255946,0.112159329140461,EVT_2,0.708735228882912,2.18783483698638,8.37835548428798e-05
MORC4,MORC4,eEVT,0.535211267605634,0.244620611551529,0.244620611551529,0.266247379454927,EVT_2,0.708260808004655,1.32332940442975,9.00717190787789e-05
MMP12,MMP12,eEVT,0.802816901408451,0.383918459796149,0.383918459796149,0.415094339622642,EVT_2,0.705876327197844,0.879249460193806,3.11227189738429e-09
SCCPDH,SCCPDH,eEVT,0.323943661971831,0.0962627406568516,0.0962627406568516,0.113207547169811,EVT_2,0.705721777738782,2.17853244432407,9.64324818020917e-05
WWC1,WWC1,eEVT,0.436619718309859,0.180067950169875,0.180067950169875,0.19916142557652,EVT_2,0.704546867294673,1.6136395992878,0.000265737747856838
C7orf69,C7orf69,eEVT,0.211267605633803,0.0215175537938845,0.0215175537938845,0.0356394129979036,EVT_2,0.704430242288477,3.33430314683212,6.22661220151225e-07
CCDC85C,CCDC85C,eEVT,0.380281690140845,0.139297848244621,0.139297848244621,0.157232704402516,EVT_2,0.703531918147955,1.85002837735203,0.000243364253091348
WDR91,WDR91,eEVT,0.267605633802817,0.0566251415628539,0.0566251415628539,0.0723270440251572,EVT_2,0.7028814953545,2.62655716685103,2.10600582316924e-05
UXS1,UXS1,eEVT,0.563380281690141,0.265005662514156,0.265005662514156,0.287211740041929,EVT_2,0.702836938062094,1.24753556506022,7.07920247892769e-05
REEP1,REEP1,eEVT,0.450704225352113,0.191392978482446,0.191392978482446,0.210691823899371,EVT_2,0.701908175048658,1.55735876338921,0.000288831076829503
NOS2,NOS2,eEVT,0.619718309859155,0.298980747451869,0.298980747451869,0.322851153039832,EVT_2,0.700631142153343,1.13056388847471,2.06097025993324e-05
ADAMTS3,ADAMTS3,eEVT,0.323943661971831,0.0985277463193658,0.0985277463193658,0.115303983228512,EVT_2,0.699777690564578,2.16018330565587,0.000132720960187824
LDHB,LDHB,eEVT,0.450704225352113,0.192525481313703,0.192525481313703,0.211740041928721,EVT_2,0.699671424922628,1.55239597404708,0.000321278284993803
CACNA1E,CACNA1E,eEVT,0.183098591549296,0.00906002265005663,0.00906002265005663,0.0220125786163522,EVT_2,0.698730085048214,3.81614123372486,4.60408103616988e-08
KLF9,KLF9,eEVT,0.183098591549296,0.00906002265005663,0.00906002265005663,0.0220125786163522,EVT_2,0.698730085048214,3.81614123372486,4.60408103616988e-08
EFR3B,EFR3B,eEVT,0.225352112676056,0.0305775764439411,0.0305775764439411,0.0450733752620545,EVT_2,0.698470660451769,3.09946355575472,2.87344679263674e-06
CHRNE,CHRNE,eEVT,0.464788732394366,0.203850509626274,0.203850509626274,0.223270440251572,EVT_2,0.696890981540598,1.49937150573886,0.000340852504081944
L2HGDH,L2HGDH,eEVT,0.380281690140845,0.142695356738392,0.142695356738392,0.160377358490566,EVT_2,0.696001341570535,1.83022575005585,0.000348340356704703
RAP2A,RAP2A,eEVT,0.507042253521127,0.233295583238958,0.233295583238958,0.253668763102725,EVT_2,0.695523014514051,1.3717259452916,0.000246263453121001
NEK10,NEK10,eEVT,0.394366197183099,0.15515288788222,0.15515288788222,0.172955974842767,EVT_2,0.69200154269487,1.75471819754771,0.00045131041351717
AC005381.1,AC005381.1,eEVT,0.154929577464789,0,0,0.0115303983228512,EVT_2,0.691414822326043,4.46276839864992,1.55372274510777e-10
KIAA1211L,KIAA1211L,eEVT,0.464788732394366,0.207248018120045,0.207248018120045,0.226415094339623,EVT_2,0.690390333862197,1.48538526376412,0.00045131041351717
PADI1,PADI1,eEVT,0.690140845070423,0.342015855039638,0.342015855039638,0.367924528301887,EVT_2,0.690056266917445,0.999877447982421,3.18747870889567e-06
HIP1R,HIP1R,eEVT,0.549295774647887,0.263873159682899,0.263873159682899,0.285115303983228,EVT_2,0.689290177478018,1.25486160515229,0.000172874807893041
CNGB3,CNGB3,eEVT,0.253521126760563,0.0520951302378256,0.0520951302378256,0.0670859538784067,EVT_2,0.684958458952043,2.70178058808861,3.18183819660025e-05
IER5,IER5,eEVT,0.52112676056338,0.249150622876557,0.249150622876557,0.269392033542977,EVT_2,0.683503390175542,1.31158758655307,0.000352681322167308
FES,FES,eEVT,0.225352112676056,0.0339750849377123,0.0339750849377123,0.0482180293501048,EVT_2,0.683272625342916,3.03202227495919,7.6888122701193e-06
ASAH1,ASAH1,eEVT,0.394366197183099,0.160815402038505,0.160815402038505,0.178197064989518,EVT_2,0.680228543142883,1.72486523439802,0.000799884501634581
MRC2,MRC2,eEVT,0.535211267605634,0.261608154020385,0.261608154020385,0.281970649895178,EVT_2,0.677551930847394,1.26595229184645,0.000369056935735418
AC004889.1,AC004889.1,eEVT,0.323943661971831,0.107587768969422,0.107587768969422,0.123689727463312,EVT_2,0.677035465923948,2.08997904698262,0.000425480635324475
PEBP1,PEBP1,eEVT,0.492957746478873,0.234428086070215,0.234428086070215,0.253668763102725,EVT_2,0.676202930777549,1.3717259452916,0.000694060402830758
ZNF420,ZNF420,eEVT,0.394366197183099,0.163080407701019,0.163080407701019,0.180293501048218,EVT_2,0.675616020419371,1.71316919463483,0.000983449396883199
TMC7,TMC7,eEVT,0.253521126760563,0.0554926387315968,0.0554926387315968,0.070230607966457,EVT_2,0.673344773761011,2.65597105205732,6.27292924955527e-05
STK40,STK40,eEVT,0.619718309859155,0.314835787089468,0.314835787089468,0.337526205450734,EVT_2,0.673083570982685,1.08611212590388,7.49986793662125e-05
AC009961.1,AC009961.1,eEVT,0.366197183098592,0.142695356738392,0.142695356738392,0.159329140461216,EVT_2,0.672624815713412,1.83678315060201,0.000953504846557132
GSTA4,GSTA4,eEVT,0.549295774647887,0.274065685164213,0.274065685164213,0.294549266247379,EVT_2,0.671409170175593,1.22230900211454,0.000386027222021474
C16orf74,C16orf74,eEVT,0.338028169014085,0.121177802944507,0.121177802944507,0.137316561844864,EVT_2,0.67114355433706,1.98546634824714,0.000724997117889359
LINC01630,LINC01630,eEVT,0.169014084507042,0.00679501698754247,0.00679501698754247,0.0188679245283019,EVT_2,0.671035252994725,3.97029191355212,7.15165426415325e-08
OTUD6B,OTUD6B,eEVT,0.492957746478873,0.237825594563986,0.237825594563986,0.256813417190776,EVT_2,0.670129452558093,1.35940546090356,0.000915024104679784
AC240274.1,AC240274.1,eEVT,0.253521126760563,0.0566251415628539,0.0566251415628539,0.0712788259958071,EVT_2,0.669588836519708,2.64115596627218,7.79452250282416e-05
B4GALT4-AS1,B4GALT4-AS1,eEVT,0.535211267605634,0.26727066817667,0.26727066817667,0.287211740041929,EVT_2,0.667695091158989,1.24753556506022,0.000581479043747943
DNMT3A,DNMT3A,eEVT,0.408450704225352,0.178935447338618,0.178935447338618,0.19601677148847,EVT_2,0.665592909622779,1.6295550545937,0.00162540010393158
AC092567.1,AC092567.1,eEVT,0.507042253521127,0.250283125707814,0.250283125707814,0.269392033542977,EVT_2,0.665030325576203,1.31158758655307,0.000974971275469701
DNAH11,DNAH11,eEVT,0.436619718309859,0.200453001132503,0.200453001132503,0.218029350104822,EVT_2,0.665026666819099,1.52312559174697,0.00162600580185343
FNIP2,FNIP2,eEVT,0.408450704225352,0.180067950169875,0.180067950169875,0.19706498951782,EVT_2,0.663414500703265,1.62422170861834,0.00176024782661489
THSD1,THSD1,eEVT,0.197183098591549,0.0215175537938845,0.0215175537938845,0.0345911949685535,EVT_2,0.663354725911905,3.36415610998181,3.6316397629135e-06
LPCAT2,LPCAT2,eEVT,0.464788732394366,0.221970554926387,0.221970554926387,0.240041928721174,EVT_2,0.663226409021177,1.42694166789405,0.00155824138651315
PYCR1,PYCR1,eEVT,0.47887323943662,0.232163080407701,0.232163080407701,0.250524109014675,EVT_2,0.662856395261555,1.38420011951678,0.00142708035005549
ARHGEF16,ARHGEF16,eEVT,0.732394366197183,0.378255945639864,0.378255945639864,0.40461215932914,EVT_2,0.662689685959714,0.904826301983456,2.10438867966584e-06
CEP68,CEP68,eEVT,0.309859154929577,0.103057757644394,0.103057757644394,0.118448637316562,EVT_2,0.661015052960434,2.13327585273595,0.000720933347742417
AL583824.1,AL583824.1,eEVT,0.323943661971831,0.114382785956965,0.114382785956965,0.129979035639413,EVT_2,0.660968851188658,2.04038210584325,0.000953504846557132
AC107884.1,AC107884.1,eEVT,0.366197183098592,0.148357870894677,0.148357870894677,0.164570230607966,EVT_2,0.660772739698584,1.80441786609998,0.00162600580185343
TMC3-AS1,TMC3-AS1,eEVT,0.225352112676056,0.0396375990939977,0.0396375990939977,0.0534591194968553,EVT_2,0.660019839712442,2.92883803872396,3.27777902117525e-05
ACAP3,ACAP3,eEVT,0.507042253521127,0.253680634201585,0.253680634201585,0.272536687631027,EVT_2,0.659145823318019,1.29998204043276,0.00125413965207035
RXRA,RXRA,eEVT,0.47887323943662,0.234428086070215,0.234428086070215,0.252620545073375,EVT_2,0.658865761838866,1.37586673795763,0.00166330163945959
PKD1,PKD1,eEVT,0.464788732394366,0.225368063420159,0.225368063420159,0.243186582809224,EVT_2,0.657177012574721,1.41392629978198,0.00198819772177425
NBPF9,NBPF9,eEVT,0.408450704225352,0.183465458663647,0.183465458663647,0.20020964360587,EVT_2,0.656948127586592,1.60839024340166,0.00232489728872529
RGL1,RGL1,eEVT,0.366197183098592,0.150622876557191,0.150622876557191,0.166666666666667,EVT_2,0.656137270421541,1.79175946922805,0.00198819772177425
CLIC5,CLIC5,eEVT,0.28169014084507,0.0826727066817667,0.0826727066817667,0.0974842767295598,EVT_2,0.65579272628029,2.32806417829503,0.00045131041351717
AL117329.1,AL117329.1,eEVT,0.323943661971831,0.116647791619479,0.116647791619479,0.132075471698113,EVT_2,0.655785642020093,2.02438176449681,0.00121375911376633
EPHB2,EPHB2,eEVT,0.802816901408451,0.413363533408834,0.413363533408834,0.442348008385744,EVT_2,0.654824315105629,0.815658357412275,5.95553332373979e-08
AC023051.1,AC023051.1,eEVT,0.380281690140845,0.163080407701019,0.163080407701019,0.179245283018868,EVT_2,0.65370426906383,1.71900011494563,0.00242218100659599
ADGRG1,ADGRG1,eEVT,0.211267605633803,0.0328425821064553,0.0328425821064553,0.0461215932914046,EVT_2,0.649959303703527,3.07647403753003,2.55640014914798e-05
MARCH3,MARCH3,eEVT,0.507042253521127,0.259343148357871,0.259343148357871,0.277777777777778,EVT_2,0.649487583614568,1.28093384546206,0.00189237655503355
ADAP2,ADAP2,eEVT,0.830985915492958,0.428086070215176,0.428086070215176,0.458071278825996,EVT_2,0.648776029645198,0.780730476352696,1.16267942780598e-08
C1QTNF12,C1QTNF12,eEVT,0.253521126760563,0.0634201585503964,0.0634201585503964,0.0775681341719078,EVT_2,0.648151752230903,2.55659857824412,0.000259386289815241
MIR4435-2HG,MIR4435-2HG,eEVT,0.422535211267606,0.199320498301246,0.199320498301246,0.215932914046122,EVT_2,0.647656691264242,1.53278750265871,0.0033768063714376
TUBGCP3,TUBGCP3,eEVT,0.394366197183099,0.177802944507361,0.177802944507361,0.193920335429769,EVT_2,0.64688196758252,1.64030784636996,0.00338071220174018
CPT1A,CPT1A,eEVT,0.408450704225352,0.189127972819932,0.189127972819932,0.205450733752621,EVT_2,0.646393258511483,1.58254901221777,0.00355365887642953
ZNF25,ZNF25,eEVT,0.183098591549296,0.0169875424688562,0.0169875424688562,0.0293501048218029,EVT_2,0.646055902768311,3.52845916127308,3.44934645995343e-06
RNF207,RNF207,eEVT,0.394366197183099,0.178935447338618,0.178935447338618,0.19496855345912,EVT_2,0.644755999106794,1.63491699773509,0.00371060217082281
B3GALNT2,B3GALNT2,eEVT,0.408450704225352,0.190260475651189,0.190260475651189,0.206498951781971,EVT_2,0.644314624487305,1.5774599427103,0.00386342769879826
ABCA12,ABCA12,eEVT,0.338028169014085,0.133635334088335,0.133635334088335,0.148846960167715,EVT_2,0.643888432849699,1.90483661384703,0.00254663378047547
AC016292.1,AC016292.1,eEVT,0.154929577464789,0.00453001132502831,0.00453001132502831,0.0157232704402516,EVT_2,0.643362650335308,4.15261347034608,9.03989915117729e-08
UNC13D,UNC13D,eEVT,0.47887323943662,0.243488108720272,0.243488108720272,0.261006289308176,EVT_2,0.643227695062559,1.34321077498358,0.00316595146309487
DSCAM,DSCAM,eEVT,0.295774647887324,0.0996602491506229,0.0996602491506229,0.114255765199161,EVT_2,0.641628613712704,2.16931578921914,0.001365241421134
TSPAN17,TSPAN17,eEVT,0.253521126760563,0.0656851642129105,0.0656851642129105,0.079664570230608,EVT_2,0.641390788181904,2.52993033116196,0.000369056935735418
PMEPA1,PMEPA1,eEVT,0.380281690140845,0.169875424688562,0.169875424688562,0.185534591194969,EVT_2,0.640589807740991,1.68451393887446,0.00418347974940013
LZTS1,LZTS1,eEVT,0.211267605633803,0.0351075877689694,0.0351075877689694,0.0482180293501048,EVT_2,0.640568086258984,3.03202227495919,4.73308699037855e-05
AC015878.1,AC015878.1,eEVT,0.507042253521127,0.265005662514156,0.265005662514156,0.283018867924528,EVT_2,0.640009882368969,1.26224171244991,0.00275743831747935
HACD2,HACD2,eEVT,0.450704225352113,0.225368063420159,0.225368063420159,0.242138364779874,EVT_2,0.639209447178138,1.41824596092649,0.00439126814209454
ZNF561,ZNF561,eEVT,0.253521126760563,0.0668176670441676,0.0668176670441676,0.0807127882599581,EVT_2,0.638076739333843,2.5168582495946,0.000445560234938155
ZNF780A,ZNF780A,eEVT,0.253521126760563,0.0668176670441676,0.0668176670441676,0.0807127882599581,EVT_2,0.638076739333843,2.5168582495946,0.000445560234938155
LPGAT1,LPGAT1,eEVT,0.408450704225352,0.194790486976217,0.194790486976217,0.210691823899371,EVT_2,0.636104283637847,1.55735876338921,0.00546559647334197
TMC3,TMC3,eEVT,0.197183098591549,0.0271800679501699,0.0271800679501699,0.039832285115304,EVT_2,0.635536410762065,3.2230775117219,2.3743961915173e-05
RRP36,RRP36,eEVT,0.366197183098592,0.161947904869762,0.161947904869762,0.177148846960168,EVT_2,0.633801251685289,1.73076495652521,0.00510876260551748
AC004784.1,AC004784.1,eEVT,0.295774647887324,0.103057757644394,0.103057757644394,0.117400419287212,EVT_2,0.63359803948193,2.14216480015319,0.00198444961604112
GPSM2,GPSM2,eEVT,0.563380281690141,0.305775764439411,0.305775764439411,0.324947589098532,EVT_2,0.633290914912166,1.12409137396909,0.00162540010393158
LINC01184,LINC01184,eEVT,0.309859154929577,0.115515288788222,0.115515288788222,0.129979035639413,EVT_2,0.632231075050021,2.04038210584325,0.00277180281440312
AL365273.2,AL365273.2,eEVT,0.408450704225352,0.197055492638732,0.197055492638732,0.212788259958071,EVT_2,0.632060184222373,1.5474576924065,0.00654251272105767
SLC25A39,SLC25A39,eEVT,0.352112676056338,0.152887882219706,0.152887882219706,0.167714884696017,EVT_2,0.62869361134312,1.78548985621446,0.00566155538987145
GH2,GH2,eEVT,0.323943661971831,0.129105322763307,0.129105322763307,0.143605870020964,EVT_2,0.628671875341743,1.94068274562016,0.00403333186258162
RAB31,RAB31,eEVT,0.704225352112676,0.386183465458664,0.386183465458664,0.409853249475891,EVT_2,0.628138106664029,0.891956111462921,3.83636779163412e-05
MAP3K9,MAP3K9,eEVT,0.408450704225352,0.199320498301246,0.199320498301246,0.214884696016771,EVT_2,0.628055733478683,1.53765369230988,0.00765365070924407
CAB39L,CAB39L,eEVT,0.422535211267606,0.210645526613817,0.210645526613817,0.226415094339623,EVT_2,0.627627576238361,1.48538526376412,0.00772526181416618
PLA2G7,PLA2G7,eEVT,0.366197183098592,0.165345413363533,0.165345413363533,0.180293501048218,EVT_2,0.627357733246559,1.71316919463483,0.00683452580862564
AL137058.1,AL137058.1,eEVT,0.28169014084507,0.0939977349943375,0.0939977349943375,0.107966457023061,EVT_2,0.627023854427789,2.22593468321865,0.00193419839513854
C4orf19,C4orf19,eEVT,0.873239436619718,0.45753114382786,0.45753114382786,0.488469601677149,EVT_2,0.625656877662024,0.716478037322641,1.51509295818513e-09
GRB14,GRB14,eEVT,0.197183098591549,0.029445073612684,0.029445073612684,0.0419287211740042,EVT_2,0.625422240037759,3.17178421733435,4.69712315636602e-05
ADAMTSL4,ADAMTSL4,eEVT,0.436619718309859,0.224235560588901,0.224235560588901,0.240041928721174,EVT_2,0.623030869080499,1.42694166789405,0.00893115173020482
REX1BD,REX1BD,eEVT,0.464788732394366,0.245753114382786,0.245753114382786,0.262054507337526,EVT_2,0.6224463502583,1.33920275358604,0.0079861465162169
EYA2,EYA2,eEVT,0.309859154929577,0.12004530011325,0.12004530011325,0.134171907756813,EVT_2,0.622393450220151,2.00863340752867,0.00423450943897186
GPR1,GPR1,eEVT,0.732394366197183,0.40317100792752,0.40317100792752,0.427672955974843,EVT_2,0.622093209102739,0.849396497044125,1.62511050331598e-05
MST1,MST1,eEVT,0.577464788732394,0.32163080407701,0.32163080407701,0.340670859538784,EVT_2,0.621836310617754,1.07683848911855,0.00198444961604112
DIAPH2-AS1,DIAPH2-AS1,eEVT,0.619718309859155,0.346545866364666,0.346545866364666,0.366876310272537,EVT_2,0.621410461217639,1.00273051696483,0.000789209501309175
PSD4,PSD4,eEVT,0.549295774647887,0.304643261608154,0.304643261608154,0.322851153039832,EVT_2,0.621013966908645,1.13056388847471,0.00329458334148699
CYSLTR2,CYSLTR2,eEVT,0.323943661971831,0.133635334088335,0.133635334088335,0.147798742138365,EVT_2,0.619349112177644,1.91190378107012,0.00613702788339458
NOL3,NOL3,eEVT,0.253521126760563,0.0736126840317101,0.0736126840317101,0.0870020964360587,EVT_2,0.619053734446907,2.44182306365169,0.00121879837037904
PPP1R13L,PPP1R13L,eEVT,0.676056338028169,0.378255945639864,0.378255945639864,0.40041928721174,EVT_2,0.618755873470453,0.915243062841711,0.000166945560342118
ELOVL5,ELOVL5,eEVT,0.605633802816901,0.340883352208381,0.340883352208381,0.360587002096436,EVT_2,0.617759811341129,1.02002201407489,0.00130033943415986
PLAGL1,PLAGL1,eEVT,0.690140845070423,0.386183465458664,0.386183465458664,0.408805031446541,EVT_2,0.617342671604298,0.894516932324595,0.000106979682447804
DLX3,DLX3,eEVT,0.267605633802817,0.0860702151755379,0.0860702151755379,0.09958071278826,EVT_2,0.617309138269115,2.30678677984775,0.00207159763551604
ARHGDIB,ARHGDIB,eEVT,0.464788732394366,0.249150622876557,0.249150622876557,0.265199161425577,EVT_2,0.616902084926553,1.32727418272077,0.00974966444274106
ARRDC1,ARRDC1,eEVT,0.464788732394366,0.249150622876557,0.249150622876557,0.265199161425577,EVT_2,0.616902084926553,1.32727418272077,0.00974966444274106
BAD,BAD,eEVT,0.352112676056338,0.159682899207248,0.159682899207248,0.174004192872117,EVT_2,0.615730944750614,1.74867588309174,0.00974966444274106
NPR1,NPR1,eEVT,0.169014084507042,0.014722536806342,0.014722536806342,0.0262054507337526,EVT_2,0.615513438858606,3.64178784658009,7.6532216199044e-06
INPP5A,INPP5A,eEVT,0.492957746478873,0.270668176670442,0.270668176670442,0.287211740041929,EVT_2,0.614982320804332,1.24753556506022,0.00854369934229479
CBLC,CBLC,eEVT,0.211267605633803,0.0419026047565119,0.0419026047565119,0.0545073375262055,EVT_2,0.614666187225393,2.90941995286686,0.000223754091912751
MSN,MSN,eEVT,0.338028169014085,0.148357870894677,0.148357870894677,0.162473794549266,EVT_2,0.614277821249253,1.81723855452904,0.00898706923256421
IFT140,IFT140,eEVT,0.338028169014085,0.149490373725934,0.149490373725934,0.163522012578616,EVT_2,0.612103999165774,1.81080766419875,0.00974966444274106
PRKACB,PRKACB,eEVT,0.267605633802817,0.0883352208380521,0.0883352208380521,0.10167714884696,EVT_2,0.611733819238777,2.2859526929449,0.00269272932153154
RRAGB,RRAGB,eEVT,0.309859154929577,0.125707814269536,0.125707814269536,0.139412997903564,EVT_2,0.61051999930963,1.97031454322653,0.00731069510081889
ABCA1,ABCA1,eEVT,0.788732394366197,0.434881087202718,0.434881087202718,0.461215932914046,EVT_2,0.610391280197392,0.77388894453598,1.71181907053874e-06
MTFR1,MTFR1,eEVT,0.507042253521127,0.284258210645527,0.284258210645527,0.30083857442348,EVT_2,0.609049752180168,1.20118145568867,0.00930052027333531
AC012050.1,AC012050.1,eEVT,0.169014084507042,0.0158550396375991,0.0158550396375991,0.0272536687631027,EVT_2,0.608884585931291,3.6025671334268,1.23282999606408e-05
AC012568.1,AC012568.1,eEVT,0.169014084507042,0.0158550396375991,0.0158550396375991,0.0272536687631027,EVT_2,0.608884585931291,3.6025671334268,1.23282999606408e-05
FILIP1L,FILIP1L,eEVT,0.591549295774648,0.338618346545866,0.338618346545866,0.357442348008386,EVT_2,0.608574790914371,1.02878119416477,0.00254663378047547
SIRT7,SIRT7,eEVT,0.563380281690141,0.322763306908267,0.322763306908267,0.340670859538784,EVT_2,0.606669571334394,1.07683848911855,0.00459469563837471
RAB11FIP4,RAB11FIP4,eEVT,0.23943661971831,0.0668176670441676,0.0668176670441676,0.079664570230608,EVT_2,0.605757966616243,2.52993033116196,0.00142756228616412
LCP1,LCP1,eEVT,0.52112676056338,0.296715741789354,0.296715741789354,0.313417190775681,EVT_2,0.604621741241285,1.1602200980576,0.0093325959420347
DMAP1,DMAP1,eEVT,0.225352112676056,0.057757644394111,0.057757644394111,0.070230607966457,EVT_2,0.598528687787565,2.65597105205732,0.00114061978107579
NT5E,NT5E,eEVT,0.28169014084507,0.106455266138165,0.106455266138165,0.119496855345912,EVT_2,0.598440907902476,2.12446522305379,0.00717741774419298
DTNBP1,DTNBP1,eEVT,0.591549295774648,0.345413363533409,0.345413363533409,0.363731656184486,EVT_2,0.598256809057182,1.01133889150143,0.00378879834124499
MEGF9,MEGF9,eEVT,0.535211267605634,0.310305775764439,0.310305775764439,0.327044025157233,EVT_2,0.59818448420105,1.1176604836388,0.00974966444274106
ZNF611,ZNF611,eEVT,0.619718309859155,0.363533408833522,0.363533408833522,0.382599580712788,EVT_2,0.595404478677394,0.960766317865795,0.0023346822801912
ACACA,ACACA,eEVT,0.690140845070423,0.400906002265006,0.400906002265006,0.422431865828092,EVT_2,0.594713075571529,0.861727109501603,0.000307811050531271
AC079209.2,AC079209.2,eEVT,0.23943661971831,0.0713476783691959,0.0713476783691959,0.0838574423480084,EVT_2,0.593476473593872,2.4786370367744,0.00258913352948398
BLNK,BLNK,eEVT,0.23943661971831,0.0713476783691959,0.0713476783691959,0.0838574423480084,EVT_2,0.593476473593872,2.4786370367744,0.00258913352948398
LRCH4,LRCH4,eEVT,0.253521126760563,0.0838052095130238,0.0838052095130238,0.0964360587002096,EVT_2,0.592954249284316,2.33887509439925,0.00422349110838454
PLK2,PLK2,eEVT,0.633802816901408,0.377123442808607,0.377123442808607,0.39622641509434,EVT_2,0.58675530158157,0.925769475828699,0.00234067712724827
ELOVL6,ELOVL6,eEVT,0.591549295774648,0.354473386183465,0.354473386183465,0.372117400419287,EVT_2,0.58477362032198,0.988545881972871,0.00654251272105767
PLEKHG1,PLEKHG1,eEVT,0.746478873239437,0.433748584371461,0.433748584371461,0.457023060796646,EVT_2,0.584508953369864,0.783021428099252,5.28928248009618e-05
MAPK11,MAPK11,eEVT,0.154929577464789,0.0124575311438279,0.0124575311438279,0.0230607966457023,EVT_2,0.584025822520981,3.76962121808997,1.62763594325284e-05
AACS,AACS,eEVT,0.71830985915493,0.42242355605889,0.42242355605889,0.444444444444444,EVT_2,0.582499169394828,0.810930216216329,0.000189307323106466
HDAC4,HDAC4,eEVT,0.591549295774648,0.357870894677237,0.357870894677237,0.375262054507338,EVT_2,0.579795616507023,0.980130685047586,0.00784660711003653
SMARCA4,SMARCA4,eEVT,0.647887323943662,0.390713476783692,0.390713476783692,0.409853249475891,EVT_2,0.577887058130906,0.891956111462921,0.00233802067694498
KCTD1,KCTD1,eEVT,0.23943661971831,0.0781426953567384,0.0781426953567384,0.090146750524109,EVT_2,0.576160258849454,2.40631637519478,0.0059227746076261
TTC39B,TTC39B,eEVT,0.225352112676056,0.0656851642129105,0.0656851642129105,0.0775681341719078,EVT_2,0.576134890871914,2.55659857824412,0.00346137874293051
LAPTM4B,LAPTM4B,eEVT,0.211267605633803,0.0543601359003398,0.0543601359003398,0.0660377358490566,EVT_2,0.574125833462695,2.71752894505675,0.00210017340395394
STAC,STAC,eEVT,0.169014084507042,0.0226500566251416,0.0226500566251416,0.0335429769392034,EVT_2,0.573790608785672,3.39492776864856,0.000133938517561859
CLMAT3,CLMAT3,eEVT,0.197183098591549,0.043035107587769,0.043035107587769,0.0545073375262055,EVT_2,0.573688441410367,2.90941995286686,0.00102726989107047
ADGRF5,ADGRF5,eEVT,0.225352112676056,0.0668176670441676,0.0668176670441676,0.0786163522012579,EVT_2,0.573109984881572,2.54317555791198,0.00403077593587241
MIGA1,MIGA1,eEVT,0.661971830985915,0.402038505096263,0.402038505096263,0.421383647798742,EVT_2,0.572083723844725,0.864211582829265,0.00202064468946252
SIPA1L3,SIPA1L3,eEVT,0.774647887323944,0.454133635334088,0.454133635334088,0.477987421383648,EVT_2,0.571822498681191,0.7381708619339,2.51193165570879e-05
CDK5RAP2,CDK5RAP2,eEVT,0.647887323943662,0.396375990939977,0.396375990939977,0.415094339622642,EVT_2,0.569654579843874,0.879249460193806,0.00323851585376922
BAIAP2,BAIAP2,eEVT,0.169014084507042,0.0237825594563986,0.0237825594563986,0.0345911949685535,EVT_2,0.568589765067347,3.36415610998181,0.000189307323106466
AP000311.1,AP000311.1,eEVT,0.633802816901408,0.389580973952435,0.389580973952435,0.407756813417191,EVT_2,0.568574573976659,0.89708432782984,0.00476030228930189
TMEM184B,TMEM184B,eEVT,0.633802816901408,0.389580973952435,0.389580973952435,0.407756813417191,EVT_2,0.568574573976659,0.89708432782984,0.00476030228930189
SEMA3F,SEMA3F,eEVT,0.183098591549296,0.0339750849377123,0.0339750849377123,0.0450733752620545,EVT_2,0.567507411617062,3.09946355575472,0.000595174941164487
KAT2A,KAT2A,eEVT,0.23943661971831,0.0826727066817667,0.0826727066817667,0.0943396226415094,EVT_2,0.565274901676146,2.36085400111802,0.00974966444274106
SFXN5,SFXN5,eEVT,0.23943661971831,0.0826727066817667,0.0826727066817667,0.0943396226415094,EVT_2,0.565274901676146,2.36085400111802,0.00974966444274106
ENTPD1,ENTPD1,eEVT,0.788732394366197,0.465458663646659,0.465458663646659,0.489517819706499,EVT_2,0.563418692558391,0.714334413779389,1.88326324708383e-05
LMTK3,LMTK3,eEVT,0.633802816901408,0.394110985277463,0.394110985277463,0.411949685534591,EVT_2,0.562090601141636,0.886854059579025,0.00624492593202307
LINC00474,LINC00474,eEVT,0.183098591549296,0.0362400906002265,0.0362400906002265,0.0471698113207547,EVT_2,0.559183314955121,3.05400118167797,0.000976833409551834
CDCA7,CDCA7,eEVT,0.169014084507042,0.0260475651189128,0.0260475651189128,0.0366876310272537,EVT_2,0.558644891824035,3.30531560995887,0.000354951203802167
SLC4A2,SLC4A2,eEVT,0.225352112676056,0.072480181200453,0.072480181200453,0.0838574423480084,EVT_2,0.558566092794232,2.4786370367744,0.00810709409275391
IGDCC4,IGDCC4,eEVT,0.211267605633803,0.0600226500566251,0.0600226500566251,0.0712788259958071,EVT_2,0.557990697099756,2.64115596627218,0.00465298907648021
UBE2E3,UBE2E3,eEVT,0.647887323943662,0.405436013590034,0.405436013590034,0.423480083857442,EVT_2,0.556696401414201,0.859248793487136,0.00538493706984033
AC090572.3,AC090572.3,eEVT,0.126760563380282,0.00339750849377123,0.00339750849377123,0.0125786163522013,EVT_2,0.554673425280881,4.37575702166029,2.59508451104625e-06
BACE2,BACE2,eEVT,0.746478873239437,0.455266138165345,0.455266138165345,0.476939203354298,EVT_2,0.552667765948716,0.740366252497336,0.0002393764808513
UPK1B,UPK1B,eEVT,0.154929577464789,0.0181200453001133,0.0181200453001133,0.0283018867924528,EVT_2,0.552297110702585,3.56482680544396,0.000150746808250619
UBE2U,UBE2U,eEVT,0.197183098591549,0.0498301245753114,0.0498301245753114,0.0607966457023061,EVT_2,0.552156186656706,2.80022066090187,0.00320498806994169
C5orf30,C5orf30,eEVT,0.859154929577465,0.500566251415628,0.500566251415628,0.527253668763103,EVT_2,0.549922303975512,0.640073501348547,3.8525131454013e-07
LINC01602,LINC01602,eEVT,0.169014084507042,0.028312570781427,0.028312570781427,0.0387840670859539,EVT_2,0.549252804304912,3.24974575880406,0.000637478789288909
ZSCAN21,ZSCAN21,eEVT,0.197183098591549,0.0509626274065685,0.0509626274065685,0.0618448637316562,EVT_2,0.548785453318253,2.78312622754257,0.00378290189901288
TBC1D10A,TBC1D10A,eEVT,0.647887323943662,0.412231030577576,0.412231030577576,0.429769392033543,EVT_2,0.547145063950661,0.844506511749933,0.00784660711003653
IGSF3,IGSF3,eEVT,0.774647887323944,0.471121177802944,0.471121177802944,0.493710691823899,EVT_2,0.546750799419053,0.705805577431869,8.57545047685687e-05
SREBF2,SREBF2,eEVT,0.71830985915493,0.447338618346546,0.447338618346546,0.467505241090147,EVT_2,0.546163108321681,0.760344719428223,0.000978960999724789
CKAP2,CKAP2,eEVT,0.211267605633803,0.0645526613816535,0.0645526613816535,0.0754716981132075,EVT_2,0.545914975865964,2.58399755243223,0.00843964105362085
NCKIPSD,NCKIPSD,eEVT,0.197183098591549,0.0520951302378256,0.0520951302378256,0.0628930817610063,EVT_2,0.545471373650234,2.76631910922619,0.00445045048731924
PLXNB2,PLXNB2,eEVT,0.873239436619718,0.508493771234428,0.508493771234428,0.535639412997904,EVT_2,0.545158211791044,0.624294081244582,1.67532651675846e-07
AGAP3,AGAP3,eEVT,0.183098591549296,0.0407701019252548,0.0407701019252548,0.0513626834381551,EVT_2,0.543591040188586,2.96884337333766,0.00231597114124092
AL356356.1,AL356356.1,eEVT,0.183098591549296,0.0407701019252548,0.0407701019252548,0.0513626834381551,EVT_2,0.543591040188586,2.96884337333766,0.00231597114124092
ZNF674,ZNF674,eEVT,0.197183098591549,0.0532276330690827,0.0532276330690827,0.0639412997903564,EVT_2,0.542212074673939,2.74978980727498,0.00527993046625419
SLC25A15,SLC25A15,eEVT,0.690140845070423,0.437146092865232,0.437146092865232,0.455974842767296,EVT_2,0.541979779966486,0.785317640359602,0.00298497443579327
FAT2,FAT2,eEVT,0.76056338028169,0.46885617214043,0.46885617214043,0.490566037735849,EVT_2,0.541669722234571,0.71219537553064,0.000214117027884741
CPEB4,CPEB4,eEVT,0.647887323943662,0.416761041902605,0.416761041902605,0.433962264150943,EVT_2,0.540854846347278,0.834797697622972,0.00974966444274106
ARHGEF2,ARHGEF2,eEVT,0.788732394366197,0.481313703284258,0.481313703284258,0.5041928721174,EVT_2,0.540121105284245,0.684796401342525,5.82856589364441e-05
ACADVL,ACADVL,eEVT,0.76056338028169,0.471121177802944,0.471121177802944,0.492662473794549,EVT_2,0.538426376678674,0.707930976744182,0.000247149570613456
AC018878.1,AC018878.1,eEVT,0.140845070422535,0.0124575311438279,0.0124575311438279,0.0220125786163522,EVT_2,0.537484680806319,3.81614123372486,9.1316587960781e-05
RPL3L,RPL3L,eEVT,0.140845070422535,0.0124575311438279,0.0124575311438279,0.0220125786163522,EVT_2,0.537484680806319,3.81614123372486,9.1316587960781e-05
FAM171B,FAM171B,eEVT,0.183098591549296,0.043035107587769,0.043035107587769,0.0534591194968553,EVT_2,0.536266119766359,2.92883803872396,0.00335061947156835
GPR68,GPR68,eEVT,0.126760563380282,0.00566251415628539,0.00566251415628539,0.0146750524109015,EVT_2,0.535133198260525,4.22160634183303,1.58596359827342e-05
SEZ6,SEZ6,eEVT,0.126760563380282,0.00566251415628539,0.00566251415628539,0.0146750524109015,EVT_2,0.535133198260525,4.22160634183303,1.58596359827342e-05
RCC2,RCC2,eEVT,0.746478873239437,0.46885617214043,0.46885617214043,0.489517819706499,EVT_2,0.533235548314192,0.714334413779389,0.000575481032060595
ATP6V0A1,ATP6V0A1,eEVT,0.732394366197183,0.463193657984145,0.463193657984145,0.483228511530398,EVT_2,0.532645249006834,0.727265628451638,0.00103968101223424
AL513164.1,AL513164.1,eEVT,0.690140845070423,0.443941109852775,0.443941109852775,0.462264150943396,EVT_2,0.532525647944656,0.771618796001441,0.00428157363949794
SLC6A2,SLC6A2,eEVT,0.873239436619718,0.517553793884485,0.517553793884485,0.544025157232704,EVT_2,0.53159305455646,0.608759788282398,3.55130678905187e-07
CPED1,CPED1,eEVT,0.704225352112676,0.451868629671574,0.451868629671574,0.470649895178197,EVT_2,0.530732946271854,0.753640783706032,0.00301614755778402
ALDH1A2,ALDH1A2,eEVT,0.197183098591549,0.057757644394111,0.057757644394111,0.0681341719077568,EVT_2,0.529688304531508,2.68627640155265,0.00974966444274106
ADGRG3,ADGRG3,eEVT,0.126760563380282,0.00679501698754247,0.00679501698754247,0.0157232704402516,EVT_2,0.526387623001615,4.15261347034608,3.18183819660025e-05
TMC6,TMC6,eEVT,0.732394366197183,0.467723669309173,0.467723669309173,0.487421383647799,EVT_2,0.526317828517864,0.71862626586093,0.00138210016344967
FBXO2,FBXO2,eEVT,0.154929577464789,0.0237825594563986,0.0237825594563986,0.0335429769392034,EVT_2,0.525974724720199,3.39492776864856,0.000844353643553003
PLS3,PLS3,eEVT,0.676056338028169,0.445073612684032,0.445073612684032,0.462264150943396,EVT_2,0.521657777578439,0.771618796001441,0.00974966444274106
APCDD1,APCDD1,eEVT,0.154929577464789,0.0249150622876557,0.0249150622876557,0.0345911949685535,EVT_2,0.521207284645068,3.36415610998181,0.00112733087588237
ELK3,ELK3,eEVT,0.690140845070423,0.454133635334088,0.454133635334088,0.471698113207547,EVT_2,0.518582934443833,0.751416088683921,0.00754612241061914
HORMAD1,HORMAD1,eEVT,0.183098591549296,0.0498301245753114,0.0498301245753114,0.059748427672956,EVT_2,0.515900862633501,2.81761240361374,0.00957425527600223
ID3,ID3,eEVT,0.802816901408451,0.505096262740657,0.505096262740657,0.527253668763103,EVT_2,0.513861825026299,0.640073501348547,9.71566652384642e-05
AC005394.1,AC005394.1,eEVT,0.112676056338028,0.00226500566251416,0.00226500566251416,0.010482180293501,EVT_2,0.513586318699069,4.55807857845424,7.30619165633769e-06
EIF2AK3,EIF2AK3,eEVT,0.71830985915493,0.471121177802944,0.471121177802944,0.489517819706499,EVT_2,0.513113452151392,0.714334413779389,0.00380698092286872
KCP,KCP,eEVT,0.140845070422535,0.0169875424688562,0.0169875424688562,0.0262054507337526,EVT_2,0.512927865715505,3.64178784658009,0.000502205219882939
TSPAN14,TSPAN14,eEVT,0.845070422535211,0.520951302378256,0.520951302378256,0.545073375262054,EVT_2,0.512818191441814,0.606834859872813,8.26703847267889e-06
FBXO44,FBXO44,eEVT,0.169014084507042,0.0385050962627407,0.0385050962627407,0.0482180293501048,EVT_2,0.512454469007187,3.03202227495919,0.00499249603475256
AC009542.1,AC009542.1,eEVT,0.126760563380282,0.00906002265005663,0.00906002265005663,0.0178197064989518,EVT_2,0.510521872486319,4.02745032739207,0.000110743234272562
ADCY8,ADCY8,eEVT,0.126760563380282,0.00906002265005663,0.00906002265005663,0.0178197064989518,EVT_2,0.510521872486319,4.02745032739207,0.000110743234272562
MGAT4A,MGAT4A,eEVT,0.746478873239437,0.485843714609287,0.485843714609287,0.505241090146751,EVT_2,0.509635725944752,0.682719557397686,0.00162600580185343
PLEKHA1,PLEKHA1,eEVT,0.746478873239437,0.485843714609287,0.485843714609287,0.505241090146751,EVT_2,0.509635725944752,0.682719557397686,0.00162600580185343
SGMS1,SGMS1,eEVT,0.746478873239437,0.485843714609287,0.485843714609287,0.505241090146751,EVT_2,0.509635725944752,0.682719557397686,0.00162600580185343
MPRIP-AS1,MPRIP-AS1,eEVT,0.169014084507042,0.0407701019252548,0.0407701019252548,0.050314465408805,EVT_2,0.505261294739222,2.9894626605404,0.00745476562743654
RGS6,RGS6,eEVT,0.154929577464789,0.029445073612684,0.029445073612684,0.0387840670859539,EVT_2,0.503481737279503,3.24974575880406,0.0031204426943896
AP001439.1,AP001439.1,eEVT,0.169014084507042,0.0419026047565119,0.0419026047565119,0.0513626834381551,EVT_2,0.501776344789464,2.96884337333766,0.0087783354108751
AL031280.1,AL031280.1,eEVT,0.154929577464789,0.0305775764439411,0.0305775764439411,0.039832285115304,EVT_2,0.499350037027337,3.2230775117219,0.00386342769879826
AC012309.1,AC012309.1,eEVT,0.154929577464789,0.0317100792751982,0.0317100792751982,0.0408805031446541,EVT_2,0.495325665894437,3.19710202531864,0.00481233369369508
LINC01108,LINC01108,eEVT,0.112676056338028,0.00453001132502831,0.00453001132502831,0.0125786163522013,EVT_2,0.493043044694117,4.37575702166029,5.13408551001545e-05
ARHGAP17,ARHGAP17,eEVT,0.746478873239437,0.498301245753114,0.498301245753114,0.516771488469602,EVT_2,0.492791385387276,0.660154497405596,0.00324499063141362
AC010197.1,AC010197.1,eEVT,0.140845070422535,0.0215175537938845,0.0215175537938845,0.030398322851153,EVT_2,0.492023639642509,3.49336784146181,0.00193419839513854
ATG4C,ATG4C,eEVT,0.71830985915493,0.486976217440544,0.486976217440544,0.5041928721174,EVT_2,0.491896006598152,0.684796401342525,0.00891517153590557
TMEM176B,TMEM176B,eEVT,0.126760563380282,0.0124575311438279,0.0124575311438279,0.0209643605870021,EVT_2,0.489920881423221,3.8649313978943,0.000502205219882939
CNTNAP5,CNTNAP5,eEVT,0.154929577464789,0.0339750849377123,0.0339750849377123,0.0429769392033543,EVT_2,0.487577572565969,3.14709160474398,0.00746866868436864
ARHGAP32,ARHGAP32,eEVT,0.76056338028169,0.509626274065685,0.509626274065685,0.528301886792453,EVT_2,0.485305912427515,0.638087403376918,0.00258913352948398
AC090987.1,AC090987.1,eEVT,0.112676056338028,0.00566251415628539,0.00566251415628539,0.0136268343815514,EVT_2,0.484024148054845,4.29571431398675,0.000106979682447804
AL133297.2,AL133297.2,eEVT,0.154929577464789,0.0351075877689694,0.0351075877689694,0.0440251572327044,EVT_2,0.483844149081889,3.12299405316492,0.00898706923256421
PCDH9-AS4,PCDH9-AS4,eEVT,0.126760563380282,0.0135900339750849,0.0135900339750849,0.0220125786163522,EVT_2,0.483736212725687,3.81614123372486,0.00078670003239782
SPARC,SPARC,eEVT,0.788732394366197,0.522083805209513,0.522083805209513,0.541928721174004,EVT_2,0.483193868008902,0.612620796939857,0.000860535513507523
USP44,USP44,eEVT,0.140845070422535,0.0237825594563986,0.0237825594563986,0.0324947589098532,EVT_2,0.482630488304668,3.42667646696314,0.00329458334148699
ATRN,ATRN,eEVT,0.746478873239437,0.508493771234428,0.508493771234428,0.526205450733753,EVT_2,0.479286876663346,0.642063551756557,0.00562357607334836
PCSK7,PCSK7,eEVT,0.774647887323944,0.522083805209513,0.522083805209513,0.540880503144654,EVT_2,0.476065208847462,0.614556905966724,0.00216987410054662
LINC00457,LINC00457,eEVT,0.112676056338028,0.00679501698754247,0.00679501698754247,0.0146750524109015,EVT_2,0.475673954009355,4.22160634183303,0.000215226647613632
ZNF562,ZNF562,eEVT,0.788732394366197,0.527746319365798,0.527746319365798,0.547169811320755,EVT_2,0.475602544784173,0.602996083565648,0.00121283405179463
TANC1,TANC1,eEVT,0.859154929577465,0.552661381653454,0.552661381653454,0.575471698113208,EVT_2,0.474739141214987,0.552565229938756,2.30088982541131e-05
RAB39A,RAB39A,eEVT,0.126760563380282,0.0158550396375991,0.0158550396375991,0.0241090146750524,EVT_2,0.472204578868623,3.72516945551914,0.00166127964300435
MAPK4,MAPK4,eEVT,0.140845070422535,0.0271800679501699,0.0271800679501699,0.0356394129979036,EVT_2,0.469620161525651,3.33430314683212,0.00703343889311591
SEMA6D,SEMA6D,eEVT,0.802816901408451,0.540203850509626,0.540203850509626,0.559748427672956,EVT_2,0.465848823265088,0.580267832488092,0.000964454591281224
AC072062.1,AC072062.1,eEVT,0.140845070422535,0.028312570781427,0.028312570781427,0.0366876310272537,EVT_2,0.465537409853362,3.30531560995887,0.00862939177656599
AC022031.2,AC022031.2,eEVT,0.126760563380282,0.0181200453001133,0.0181200453001133,0.0262054507337526,EVT_2,0.461635079143954,3.64178784658009,0.00316595146309487
LZTS1-AS1,LZTS1-AS1,eEVT,0.112676056338028,0.00906002265005663,0.00906002265005663,0.0167714884696017,EVT_2,0.460628163291099,4.08807494920851,0.000674691979572353
AC005616.1,AC005616.1,eEVT,0.0985915492957746,0.00226500566251416,0.00226500566251416,0.00943396226415094,EVT_2,0.459775685334992,4.66343909411207,5.96146995751736e-05
OTUB2,OTUB2,eEVT,0.126760563380282,0.0192525481313703,0.0192525481313703,0.0272536687631027,EVT_2,0.456663439448468,3.6025671334268,0.00422349110838454
ENTPD1-AS1,ENTPD1-AS1,eEVT,0.788732394366197,0.544733861834655,0.544733861834655,0.562893081761006,EVT_2,0.453257356459262,0.574665576939422,0.0031204426943896
AL078590.3,AL078590.3,eEVT,0.126760563380282,0.0203850509626274,0.0203850509626274,0.0283018867924528,EVT_2,0.451879454211206,3.56482680544396,0.00562845043913042
PHLDA1,PHLDA1,eEVT,0.112676056338028,0.0113250283125708,0.0113250283125708,0.0188679245283019,EVT_2,0.447356835329817,3.97029191355212,0.00169050172378956
NID2,NID2,eEVT,0.126760563380282,0.0215175537938845,0.0215175537938845,0.0293501048218029,EVT_2,0.447269471147292,3.52845916127308,0.00746866868436864
MICAL2,MICAL2,eEVT,0.816901408450704,0.559456398640997,0.559456398640997,0.578616352201258,EVT_2,0.446939524787734,0.547115625171191,0.00112695128205419
FLT4,FLT4,eEVT,0.774647887323944,0.544733861834655,0.544733861834655,0.561844863731656,EVT_2,0.446607367193826,0.576529510377485,0.00739464283574392
AC011239.1,AC011239.1,eEVT,0.0985915492957746,0.00453001132502831,0.00453001132502831,0.0115303983228512,EVT_2,0.439991250571118,4.46276839864992,0.000356202139747922
SLC43A1,SLC43A1,eEVT,0.0985915492957746,0.00453001132502831,0.00453001132502831,0.0115303983228512,EVT_2,0.439991250571118,4.46276839864992,0.000356202139747922
MMP15,MMP15,eEVT,0.859154929577465,0.578708946772367,0.578708946772367,0.59958071278826,EVT_2,0.439478950481378,0.511524680068489,0.000136633574719197
AC003965.2,AC003965.2,eEVT,0.112676056338028,0.0135900339750849,0.0135900339750849,0.0209643605870021,EVT_2,0.435485227931752,3.8649313978943,0.00358451366126964
SULT1A1,SULT1A1,eEVT,0.0985915492957746,0.00566251415628539,0.00566251415628539,0.0125786163522013,EVT_2,0.431412664107352,4.37575702166029,0.000724997117889359
AC005307.1,AC005307.1,eEVT,0.0845070422535211,0,0,0.00628930817610063,EVT_2,0.428358101596076,5.06890420222023,3.01332165835355e-05
AC105940.1,AC105940.1,eEVT,0.0845070422535211,0,0,0.00628930817610063,EVT_2,0.428358101596076,5.06890420222023,3.01332165835355e-05
LTBP1,LTBP1,eEVT,0.915492957746479,0.610419026047565,0.610419026047565,0.633123689727463,EVT_2,0.418462194061629,0.457089473513472,5.76251444024319e-06
TFDP2,TFDP2,eEVT,0.816901408450704,0.584371460928652,0.584371460928652,0.60167714884696,EVT_2,0.415013914893884,0.50803427512872,0.00439126814209454
CHST11,CHST11,eEVT,0.915492957746479,0.613816534541336,0.613816534541336,0.636268343815514,EVT_2,0.413926298947482,0.452134880388788,7.42404495414552e-06
ERBB2,ERBB2,eEVT,0.873239436619718,0.607021517553794,0.607021517553794,0.626834381551363,EVT_2,0.40786649133598,0.467072917497655,0.000265737747856838
RNF213,RNF213,eEVT,0.845070422535211,0.599093997734994,0.599093997734994,0.617400419287212,EVT_2,0.407524637574676,0.4822374877967,0.00154532241474456
PITPNM2,PITPNM2,eEVT,0.873239436619718,0.608154020385051,0.608154020385051,0.627882599580713,EVT_2,0.406407444318816,0.465402073332837,0.000287413587819935
AL117337.1,AL117337.1,eEVT,0.0845070422535211,0.00226500566251416,0.00226500566251416,0.00838574423480084,EVT_2,0.404046940543813,4.78122212976845,0.000472469901395132
MOBP,MOBP,eEVT,0.0845070422535211,0.00226500566251416,0.00226500566251416,0.00838574423480084,EVT_2,0.404046940543813,4.78122212976845,0.000472469901395132
AC093639.1,AC093639.1,eEVT,0.0985915492957746,0.0113250283125708,0.0113250283125708,0.0178197064989518,EVT_2,0.397072567489359,4.02745032739207,0.0078492466063123
C1orf167,C1orf167,eEVT,0.0985915492957746,0.0113250283125708,0.0113250283125708,0.0178197064989518,EVT_2,0.397072567489359,4.02745032739207,0.0078492466063123
PHACTR2,PHACTR2,eEVT,0.943661971830986,0.640996602491506,0.640996602491506,0.663522012578616,EVT_2,0.387083770470076,0.41019324930411,2.10438867966584e-06
PAG1,PAG1,eEVT,0.859154929577465,0.622876557191393,0.622876557191393,0.640461215932914,EVT_2,0.382810837308143,0.445566712276691,0.00211402509674699
AGPAT4,AGPAT4,eEVT,0.845070422535211,0.621744054360136,0.621744054360136,0.638364779874214,EVT_2,0.379305974990188,0.44884540373839,0.0051703033293439
TPP2,TPP2,eEVT,0.873239436619718,0.635334088335221,0.635334088335221,0.653039832285115,EVT_2,0.372102302323545,0.426117152660833,0.00154787424784575
AC104984.1,AC104984.1,eEVT,0.0704225352112676,0,0,0.00524109014675052,EVT_2,0.369804630916492,5.25122575901419,0.000300825924011765
CPM,CPM,eEVT,0.915492957746479,0.655719139297848,0.655719139297848,0.675052410901468,EVT_2,0.359756640103601,0.392964945343933,0.00013419053602123
PRKDC,PRKDC,eEVT,0.859154929577465,0.645526613816535,0.645526613816535,0.661425576519916,EVT_2,0.355138399201852,0.413357808907073,0.00725953675422918
NAV2,NAV2,eEVT,0.887323943661972,0.662514156285391,0.662514156285391,0.679245283018868,EVT_2,0.343192921564067,0.386772975096012,0.00242897360853414
FUS,FUS,eEVT,0.873239436619718,0.663646659116648,0.663646659116648,0.679245283018868,EVT_2,0.337745414872574,0.386772975096012,0.00724342573360102
CTSL,CTSL,eEVT,0.957746478873239,0.682899207248018,0.682899207248018,0.70335429769392,EVT_2,0.337025751329706,0.351894534476605,7.68514752735552e-06
AL139246.5,AL139246.5,eEVT,0.0704225352112676,0.00339750849377123,0.00339750849377123,0.00838574423480084,EVT_2,0.336705783786511,4.78122212976845,0.00746866868436864
LYPD8,LYPD8,eEVT,0.0704225352112676,0.00339750849377123,0.00339750849377123,0.00838574423480084,EVT_2,0.336705783786511,4.78122212976845,0.00746866868436864
PTPN3,PTPN3,eEVT,0.901408450704225,0.686296715741789,0.686296715741789,0.70230607966457,EVT_2,0.318545089859853,0.353385959063275,0.00311622783674827
HPCAL1,HPCAL1,eEVT,0.901408450704225,0.688561721404303,0.688561721404303,0.70440251572327,EVT_2,0.315858326467729,0.350405330925137,0.00346137874293051
AP000802.1,AP000802.1,eEVT,0.0563380281690141,0,0,0.00419287211740042,EVT_2,0.308415172412867,5.4743693103284,0.0027811836006231
MUC3A,MUC3A,eEVT,0.0563380281690141,0,0,0.00419287211740042,EVT_2,0.308415172412867,5.4743693103284,0.0027811836006231
STEAP1,STEAP1,eEVT,0.0563380281690141,0,0,0.00419287211740042,EVT_2,0.308415172412867,5.4743693103284,0.0027811836006231
SYN3,SYN3,eEVT,0.901408450704225,0.704416761041903,0.704416761041903,0.719077568134172,EVT_2,0.297271926735686,0.329786043722401,0.00820148397583191
PTK2B,PTK2B,eEVT,0.915492957746479,0.707814269535674,0.707814269535674,0.723270440251572,EVT_2,0.296594152122589,0.323972073856981,0.00332330670268268
AC108860.2,AC108860.2,eEVT,0.0563380281690141,0.00113250283125708,0.00113250283125708,0.00524109014675052,EVT_2,0.295843704733194,5.25122575901419,0.00974966444274106
FOXC1,FOXC1,eEVT,0.0563380281690141,0.00113250283125708,0.00113250283125708,0.00524109014675052,EVT_2,0.295843704733194,5.25122575901419,0.00974966444274106
PARVA,PARVA,eEVT,0.943661971830986,0.765571913929785,0.765571913929785,0.778825995807128,EVT_2,0.235884943534441,0.249967626730527,0.00777682579292098
TIMP2,TIMP2,eEVT,0.957746478873239,0.788221970554926,0.788221970554926,0.80083857442348,EVT_2,0.212711549227607,0.222095882281766,0.00765990697124802
NFAT5,NFAT5,eEVT,0.957746478873239,0.789354473386183,0.789354473386183,0.80188679245283,EVT_2,0.211458774060268,0.220787837621751,0.00810709409275391
ADAM19,ADAM19,eEVT,0.985915492957746,0.818799546998867,0.818799546998867,0.831236897274633,EVT_2,0.182237063196348,0.184840449813439,0.00204262864352569
ITGA1,ITGA1,eEVT,1,0.822197055492639,0.822197055492639,0.835429769392034,EVT_2,0.179808992658071,0.179808992658071,0.000257832139794151
LRCH1,LRCH1,eEVT,0.985915492957746,0.832389580973952,0.832389580973952,0.843815513626834,EVT_2,0.167429543409586,0.169821394029723,0.00465298907648021
