,VCT_CCC,EVT_1,EVT_2,eEVT,iEVT,GC,Cluster
GMEB1,-6.687965651508421e-05,-0.8192939758300781,-0.15848635137081146,2.0840625762939453,-0.1356964111328125,-0.9705200791358948,0.0
NFKB2,-0.18380048871040344,-0.8201179504394531,0.9497580528259277,-0.05005593225359917,1.5325897932052612,-1.4283719062805176,6.0
SP110,-0.9552475810050964,0.07076041400432587,0.07184066623449326,1.3438395261764526,0.9854723811149597,-1.5166654586791992,6.0
HSF1,1.2103527784347534,0.30409765243530273,-0.7782354950904846,0.3679535686969757,-1.7954539060592651,0.6912858486175537,2.0
ZNF780A,-0.6004741787910461,-0.4678981602191925,-0.48814547061920166,2.2265543937683105,-0.3449452817440033,-0.325091153383255,0.0
FOXK2,-0.12066435068845749,-1.7616891860961914,-0.4597936272621155,0.07222990691661835,0.9240062832832336,1.345910906791687,3.0
ZNF585A,0.6600896120071411,0.6019089818000793,1.0166802406311035,-1.3969444036483765,0.5152101516723633,-1.3969444036483765,4.0
ZBTB1,-0.9195176362991333,-0.7095686793327332,-0.23916463553905487,2.014915704727173,0.4381162226200104,-0.584780752658844,0.0
POU3F1,2.1211559772491455,-0.08295866847038269,0.06788476556539536,-0.7442159652709961,-0.6176502704620361,-0.7442159652709961,2.0
NFE2L1,0.02207825519144535,-0.5027117133140564,0.191051185131073,1.5275472402572632,0.5235182046890259,-1.7614824771881104,6.0
ZBTB48,-0.7632700204849243,-0.6106372475624084,-0.1339692920446396,-0.5831174850463867,-0.07263529300689697,2.1636290550231934,1.0
ZNF517,-0.38550129532814026,-0.4595801830291748,-0.4619161784648895,-0.5642479062080383,-0.36007264256477356,2.2313179969787598,1.0
ZBTB6,-0.31237977743148804,-0.7815766930580139,-0.2808142602443695,-0.5357651710510254,-0.2898387312889099,2.2003748416900635,1.0
SOX7,0.7723351120948792,-0.6912257075309753,-0.608320951461792,-0.7418323159217834,-0.6304088234901428,1.899452567100525,1.0
TSC22D2,-0.4786859154701233,-1.216477394104004,-0.48262444138526917,-0.22483471035957336,0.4525546431541443,1.9500666856765747,3.0
DNAJC1,-1.5113335847854614,-0.6417968273162842,-0.27429285645484924,1.69973886013031,0.170379176735878,0.5573062300682068,5.0
ZNF141,-0.4714966416358948,-1.1843599081039429,-0.8669118285179138,1.440947413444519,-0.15261304378509521,1.2344335317611694,5.0
ZNF484,-0.6598652005195618,-0.61001056432724,-0.40300482511520386,2.204843759536743,-0.1493135392665863,-0.38264983892440796,0.0
ZNF787,-0.5677509307861328,-1.4327356815338135,-0.20501723885536194,1.799185872077942,-0.15966211259365082,0.5659800171852112,5.0
CREM,1.4194258451461792,1.2249860763549805,-0.6618877649307251,-0.010597151704132557,-1.2119994163513184,-0.7599266767501831,7.0
PBRM1,-0.7258113026618958,-1.1220452785491943,-0.07297878712415695,1.657481074333191,0.9763563275337219,-0.7130018472671509,0.0
LEF1,-0.6140320301055908,-0.7816952466964722,-0.6657260656356812,0.854386568069458,-0.6435120105743408,1.8505785465240479,3.0
TADA2B,-0.1154794692993164,-0.636070966720581,-0.14713533222675323,-1.3401553630828857,0.32625991106033325,1.912581443786621,1.0
ATF4,0.9374408721923828,0.9663501977920532,0.7254571318626404,-1.8254073858261108,-0.4561956226825714,-0.34764543175697327,7.0
IKZF5,0.2510825991630554,-0.36237940192222595,0.19082589447498322,1.1436158418655396,0.7510215640068054,-1.9741666316986084,6.0
ID4,-0.3214189410209656,-0.18502862751483917,0.4666357934474945,1.8056341409683228,-0.2405218780040741,-1.5253000259399414,0.0
TFEB,2.2249679565429688,-0.3645276427268982,-0.47021904587745667,-0.30748945474624634,-0.455261766910553,-0.6274697184562683,2.0
TONSL,1.9534571170806885,-0.0843900591135025,-0.4990781545639038,-0.6528123021125793,-1.147407054901123,0.43022939562797546,2.0
SFPQ,1.6356741189956665,-0.816095232963562,0.6960374712944031,-0.04084044322371483,-0.0008644486661069095,-1.473913550376892,2.0
TCF7L1,-0.6742097735404968,-0.9067831635475159,-0.6532415747642517,2.068052053451538,0.029181018471717834,0.13700120151042938,5.0
HSF2,1.4036177396774292,0.22460101544857025,0.16614897549152374,-0.23305223882198334,0.37663203477859497,-1.9379476308822632,7.0
ZNF641,-0.8691210746765137,-0.9361027479171753,-0.6827327013015747,1.7105896472930908,-0.19181177020072937,0.9691786766052246,5.0
ZNF543,1.757845163345337,0.41194143891334534,-0.1753714382648468,-1.1450189352035522,0.29562273621559143,-1.1450189352035522,7.0
ZFP91,1.5342297554016113,0.30062583088874817,0.2091859132051468,-1.0479804277420044,0.48117169737815857,-1.4772323369979858,7.0
MGA,-0.8255677223205566,-1.2270212173461914,-0.5940551161766052,1.6204860210418701,0.12098289281129837,0.9051758050918579,5.0
ZBTB45,0.3512521982192993,-0.06702907383441925,-0.45931050181388855,-1.0781290531158447,-0.7360228300094604,1.9892387390136719,1.0
SREBF2,-0.7192031145095825,-1.1639320850372314,-0.6123566031455994,1.867644190788269,0.12975288927555084,0.49809369444847107,5.0
SNAI1,-0.9048954248428345,1.5745866298675537,-0.24631360173225403,-0.9874573945999146,-0.5860055685043335,1.1500853300094604,1.0
ZBTB5,0.17054343223571777,-0.5522654056549072,-0.2920711636543274,1.6275256872177124,0.6360065937042236,-1.5897382497787476,6.0
RFX3,-1.1480101346969604,-1.1571707725524902,0.05500125512480736,-0.29900866746902466,1.3012138605117798,1.247974157333374,3.0
ZNF594,0.9930137395858765,-0.16364380717277527,-0.44755586981773376,1.107359528541565,0.3626103699207306,-1.8517848253250122,6.0
ZNF624,-0.8634299635887146,-0.9119914174079895,-0.7895147204399109,1.080958366394043,-0.13261418044567108,1.6165915727615356,3.0
ZNF398,-0.877628743648529,-1.0577274560928345,-0.7733568549156189,1.0286234617233276,0.11772868782281876,1.562361478805542,3.0
ZNF737,0.39385196566581726,0.3809436559677124,0.7088943719863892,-1.3570646047592163,1.2304397821426392,-1.3570646047592163,4.0
ZNF880,0.7644990086555481,1.4476498365402222,0.45963069796562195,-0.7552604675292969,-0.3659544587135315,-1.5505644083023071,7.0
DMTF1,-0.3371228873729706,-0.7567359805107117,-0.12620079517364502,2.023597240447998,0.2615529000759125,-1.0650901794433594,0.0
ZBTB25,-0.06428645551204681,-0.7935086488723755,-0.9959183931350708,1.9932388067245483,-0.5122681260108948,0.3727439343929291,5.0
ETV7,1.8230054378509521,-0.40442416071891785,-0.7326570153236389,0.8431509733200073,-0.5450296998023987,-0.9840456247329712,2.0
ZNF800,-0.77279132604599,-0.8685124516487122,-0.29713499546051025,1.9784917831420898,0.5478463172912598,-0.5878990888595581,0.0
ZNF3,-0.27732348442077637,-1.1065207719802856,-0.42118480801582336,1.7868335247039795,0.8240727782249451,-0.8058761358261108,0.0
THAP4,0.07665169984102249,-0.20728078484535217,-0.5216160416603088,-1.0547088384628296,-0.3934830129146576,2.1004371643066406,1.0
ZNF791,-0.20673412084579468,-0.7825380563735962,0.8287572860717773,0.8163453340530396,1.0462353229522705,-1.7020660638809204,6.0
ZSCAN16,0.8282021880149841,0.24899138510227203,-0.2739347815513611,1.2277755737304688,-0.11911937594413757,-1.91191565990448,6.0
ZNF44,0.29379957914352417,-1.3387902975082397,-0.6815242171287537,1.636794090270996,-0.652895450592041,0.7426164150238037,5.0
ZKSCAN8,-0.8614202737808228,-1.3672701120376587,-0.5810242891311646,1.0217688083648682,0.4420033097267151,1.3459421396255493,3.0
ZBED3,1.212950348854065,-0.48123058676719666,0.2689366340637207,-1.1388543844223022,1.277052640914917,-1.1388543844223022,4.0
DEAF1,0.052051469683647156,-1.248383641242981,-0.7665122747421265,1.9183436632156372,-0.26951661705970764,0.314016729593277,5.0
GLIS2,1.841871738433838,-0.7937755584716797,-0.3786287009716034,-0.15130139887332916,0.6565943360328674,-1.174760103225708,2.0
TBPL1,-0.06850999593734741,2.1575417518615723,-0.2770274579524994,-0.2729499340057373,-0.8181649446487427,-0.7208889126777649,7.0
POU2F1,-0.5884838104248047,-1.5619786977767944,-0.3687969446182251,0.8404558300971985,0.145736962556839,1.5330661535263062,3.0
ZNF2,0.36319243907928467,1.0540523529052734,0.23426848649978638,-1.3455952405929565,1.0396775007247925,-1.3455952405929565,4.0
PEG3,2.216801881790161,-0.3485845625400543,-0.34210553765296936,-0.4937816858291626,-0.3283223509788513,-0.7040072679519653,2.0
ZNF430,-0.5538123846054077,-1.3851491212844849,-0.4806635081768036,1.3853472471237183,-0.22095540165901184,1.2552320957183838,3.0
ZSCAN30,-0.9797734022140503,-1.0499861240386963,-0.20370514690876007,-0.1302381306886673,0.44511207938194275,1.918590784072876,3.0
ZFAT,-0.21787767112255096,-1.5142351388931274,-0.7357284426689148,1.0661067962646484,-0.0059965322725474834,1.4077308177947998,3.0
ZNF699,-0.5020220279693604,-0.3617933690547943,-0.3971099257469177,2.2191219329833984,-0.2844057083129883,-0.6737914085388184,0.0
ZNF841,-0.6997466683387756,0.14917539060115814,1.154258370399475,0.8454009890556335,0.36888179183006287,-1.8179694414138794,6.0
FOS,0.5240013003349304,1.1128990650177002,0.6246400475502014,-1.9794498682022095,0.1222909539937973,-0.4043830633163452,7.0
ZNF485,2.0254878997802734,0.23178164660930634,-0.059552520513534546,-0.9284223914146423,-0.34087231755256653,-0.9284223914146423,2.0
ZNF605,0.4634009599685669,-0.2879217863082886,0.47280529141426086,0.4292087256908417,0.9965216517448425,-2.0740153789520264,6.0
BACH2,1.808266043663025,-0.8250219821929932,-0.09701995551586151,-1.3369581699371338,-0.04946111515164375,0.5001956820487976,2.0
ZNF557,-0.4110557734966278,-0.7395142316818237,-0.4453873932361603,2.2087838649749756,-0.40458986163139343,-0.2082364708185196,0.0
RFX5,0.3448202610015869,-0.3186218738555908,-0.1490216702222824,1.9388147592544556,-0.4899912178516388,-1.3260005712509155,0.0
CNOT4,-0.8807516098022461,-1.1752331256866455,-0.6353852152824402,1.190311312675476,0.08121633529663086,1.4198423624038696,3.0
ZNF160,-0.7159585952758789,-0.8949712514877319,-0.4262508451938629,2.111577033996582,0.10979751497507095,-0.1841937005519867,5.0
ZNF84,-0.33328500390052795,-1.5025745630264282,-0.9170916080474854,1.1261073350906372,0.4982162117958069,1.1286261081695557,3.0
THAP2,0.5140437483787537,0.8870037794113159,-0.24371030926704407,-1.8300907611846924,-0.4741966724395752,1.146950125694275,1.0
ZNF799,1.689093828201294,-0.39468103647232056,-0.6224109530448914,1.0387804508209229,-0.6802608370780945,-1.030521035194397,2.0
ZBTB37,-0.6502212882041931,-1.169319987297058,-0.4400408864021301,1.935368299484253,-0.1680890917778015,0.49230286478996277,5.0
ZNF627,-0.6117918491363525,-0.9050877690315247,-0.13648511469364166,1.9551570415496826,0.5272339582443237,-0.8290259838104248,0.0
ZNF726,1.3664402961730957,0.7755153775215149,0.5572676062583923,-1.0506526231765747,-0.20861294865608215,-1.4399579763412476,7.0
YY2,1.8918462991714478,0.4498806595802307,-0.13810940086841583,-1.045668125152588,-0.1122814193367958,-1.045668125152588,7.0
SALL2,1.8776600360870361,-0.23495957255363464,-0.5394589900970459,-0.9035420417785645,0.7038426995277405,-0.9035420417785645,2.0
CEBPD,0.24169574677944183,0.5459455847740173,0.251923531293869,-2.0893924236297607,-0.05103489011526108,1.1008617877960205,1.0
CEBPB,-0.7587392926216125,0.9009827375411987,0.8685049414634705,0.5711880922317505,0.27691012620925903,-1.8588460683822632,6.0
ZFP69,-0.3590545058250427,-0.35030531883239746,-0.42971962690353394,-0.679358959197998,-0.40394845604896545,2.2223870754241943,1.0
OSR2,0.03031383641064167,1.7331739664077759,0.7254311442375183,-1.0243737697601318,-0.3156485855579376,-1.14889657497406,7.0
ZNF343,1.7054822444915771,0.854022741317749,-0.03940345719456673,-1.041467308998108,-0.43716657161712646,-1.041467308998108,7.0
ZNF844,-0.16454963386058807,-0.46872401237487793,-0.17490491271018982,2.171729803085327,-0.48609358072280884,-0.8774576783180237,0.0
POU2F2,1.6890292167663574,-0.015267803333699703,0.20958441495895386,-1.193569302558899,0.5037927031517029,-1.193569302558899,4.0
BARX2,1.269715666770935,-0.386000394821167,-0.6795842051506042,1.4931401014328003,-0.6171619892120361,-1.0801087617874146,0.0
MLX,0.194175124168396,0.8265718817710876,-0.3468279540538788,1.3399946689605713,-0.18986603617668152,-1.8240479230880737,6.0
ZNF407,-0.9777137637138367,-1.196033239364624,-0.4872102439403534,1.7073017358779907,0.4193986654281616,0.5342583656311035,5.0
HOXB3,0.4018692076206207,0.2461061179637909,0.993199348449707,-1.3526294231414795,1.0640841722488403,-1.3526294231414795,4.0
JUN,2.150695562362671,-0.43163302540779114,-0.11055155843496323,-0.6309245228767395,-0.10144539922475815,-0.876140832901001,2.0
ZNF416,0.3617231845855713,-0.2183159738779068,-0.5625408887863159,1.927268385887146,-0.18247100710868835,-1.3256632089614868,0.0
ZNF335,-0.18291309475898743,-1.1228169202804565,0.03835766389966011,1.598872423171997,0.8572385311126709,-1.1887398958206177,0.0
ZNF236,-0.23541228473186493,-0.8808608055114746,-0.3928525745868683,1.9832004308700562,0.4589787423610687,-0.9330523610115051,0.0
HOPX,-0.4433647096157074,-1.639142394065857,0.23753230273723602,1.6123861074447632,0.5817939043045044,-0.3492053151130676,5.0
ZNF626,1.4651471376419067,0.9631240963935852,-0.003934288397431374,-0.5987704396247864,-0.24164652824401855,-1.5839192867279053,7.0
ZNF107,-0.8896276950836182,-1.3757330179214478,-0.5489364862442017,1.4158073663711548,0.5723757147789001,0.8261145353317261,5.0
ELF5,2.1760623455047607,-0.5020213723182678,-0.49601835012435913,0.0431525781750679,-0.5126177072525024,-0.7085572481155396,2.0
ZNF846,-0.824772834777832,-0.6734259128570557,-0.5951647162437439,2.0981574058532715,-0.23665153980255127,0.23185747861862183,5.0
TOX4,1.5509870052337646,0.8477905988693237,-0.008494953624904156,-1.2827240228652954,0.0016006348887458444,-1.1091594696044922,7.0
HES4,-0.7917263507843018,-0.623478889465332,-0.5235562324523926,2.163858652114868,-0.14938318729400635,-0.07571388781070709,5.0
ZNF264,-0.7126867771148682,-1.0649149417877197,-0.46767592430114746,1.9442756175994873,-0.24560770392417908,0.5466101765632629,5.0
THRB,-0.9244621992111206,-1.206813931465149,-0.6934005618095398,1.412400484085083,0.3774830102920532,1.0347931385040283,5.0
BNC2,-0.053971271961927414,-0.888103187084198,-0.2333008497953415,-0.5763070583343506,-0.4062674939632416,2.157949686050415,1.0
ZNF573,-0.5483320951461792,-0.4356825351715088,-0.37157002091407776,1.9487684965133667,0.5394155979156494,-1.1325992345809937,0.0
HMGXB3,-0.856890857219696,-1.2429829835891724,-0.30333343148231506,0.26881009340286255,0.26762551069259644,1.8667720556259155,3.0
KLF6,-0.7341324687004089,-0.9021958112716675,0.44398894906044006,1.7404893636703491,0.5229273438453674,-1.071078896522522,0.0
RBAK,0.7767026424407959,-0.021770833060145378,0.9572290778160095,-1.3347889184951782,0.9574174880981445,-1.3347889184951782,4.0
ID3,-0.6733517646789551,1.5104169845581055,0.09566323459148407,1.0717107057571411,-1.224295735359192,-0.7801427245140076,0.0
NFAT5,-0.7781549692153931,-1.3964920043945312,-0.6498960852622986,1.0773675441741943,0.4643875062465668,1.2827876806259155,3.0
TSC22D1,-0.6608856320381165,-1.402509331703186,-0.7603023052215576,1.220451831817627,0.45273980498313904,1.1505053043365479,3.0
ZNF768,0.8462743163108826,-0.34717658162117004,0.4207862317562103,0.7613973617553711,0.38270503282546997,-2.063985824584961,6.0
KDM5A,-0.838592529296875,-1.063079833984375,-0.36747369170188904,1.9455809593200684,0.47319409251213074,-0.14962923526763916,5.0
ZNF250,-0.7158330082893372,-0.6781313419342041,-0.7404645085334778,0.28198662400245667,-0.2322574406862259,2.0846996307373047,3.0
ARID4B,-1.0721677541732788,-1.2533950805664062,-0.3779580891132355,1.5704145431518555,0.4473116099834442,0.6857950687408447,5.0
ZNF674,-0.762017011642456,-0.8537502884864807,-0.7466503381729126,1.9220281839370728,-0.1931997686624527,0.6335891485214233,5.0
ZNF37A,1.3265858888626099,0.1497686207294464,0.4006417691707611,0.20553994178771973,-0.08040961623191833,-2.002127170562744,6.0
MESP1,2.1977150440216064,-0.38920778036117554,-0.48624715209007263,-0.6230255961418152,-0.07620875537395477,-0.6230255961418152,2.0
ZBTB14,1.256721019744873,0.7479104995727539,0.4522125720977783,-1.3425188064575195,0.2281927913427353,-1.3425188064575195,7.0
ZNF566,0.8088750243186951,-0.851196825504303,-0.5557107329368591,1.8590155839920044,-0.4552876651287079,-0.8056953549385071,0.0
NFYA,-0.1934300810098648,-1.2827821969985962,0.5579800605773926,-1.243644118309021,0.8337465524673462,1.328129768371582,1.0
HES6,0.16987277567386627,-0.28823933005332947,-0.445461243391037,2.1129813194274902,-0.662778913974762,-0.886374294757843,0.0
ELF4,-1.423685073852539,-0.7339892983436584,0.38833558559417725,1.2728066444396973,1.1258383989334106,-0.6293065547943115,5.0
ZNF14,-0.0813244953751564,-0.6112063527107239,-0.41357824206352234,2.146474838256836,-0.13273502886295319,-0.9076308012008667,0.0
ZNF613,-0.05483752861618996,-0.18821996450424194,-0.37272632122039795,2.037968397140503,-0.1374981552362442,-1.28468656539917,0.0
UBP1,-0.8420683741569519,-1.0525813102722168,-0.6613764762878418,1.7606672048568726,-0.008108635433018208,0.803467333316803,5.0
SMAD3,-1.0213340520858765,-0.9423699378967285,-0.6551960706710815,1.8186570405960083,0.3232235610485077,0.47701895236968994,5.0
ZNF282,-0.12997017800807953,-1.0513921976089478,-0.7316736578941345,-0.04126228019595146,-0.12534482777118683,2.0796446800231934,1.0
NR2C2,-0.48120245337486267,-1.3092050552368164,-0.023643625900149345,1.6814333200454712,0.846646785736084,-0.71402907371521,0.0
RFX7,-0.663017749786377,-1.1396324634552002,-0.6964036822319031,1.0789834260940552,-0.18555431067943573,1.6056249141693115,3.0
ZNF439,-1.1755036115646362,-0.9170803427696228,-0.6050047874450684,1.1613430976867676,0.10390092432498932,1.4323445558547974,3.0
ZBED4,-0.9542169570922852,-1.1436203718185425,-0.23901814222335815,1.7911486625671387,0.7014332413673401,-0.15572604537010193,5.0
ZNF175,1.8706587553024292,-0.45056310296058655,0.17165519297122955,-0.8310659527778625,0.4222072958946228,-1.1828923225402832,2.0
ZNF708,-0.7272890210151672,-0.7573802471160889,-0.6135252118110657,2.0872771739959717,-0.28109583258628845,0.2920132875442505,5.0
ZNF860,-1.3160783052444458,0.22876721620559692,-0.1351715624332428,-1.1011136770248413,1.5395084619522095,0.7840881943702698,1.0
EMX2,-0.34260454773902893,-0.9705324172973633,1.006575345993042,1.0460059642791748,0.7616433501243591,-1.5010883808135986,6.0
HOXA7,1.1333932876586914,1.6012314558029175,-0.2775205373764038,-0.9206922054290771,-0.6157201528549194,-0.9206922054290771,7.0
SP3,-0.4338339567184448,-0.923696756362915,-0.10052822530269623,1.3220404386520386,1.3312240839004517,-1.1952064037322998,6.0
ZNF354A,-1.0171891450881958,-0.6986321806907654,-0.7924693822860718,0.023954033851623535,0.6246359348297119,1.8597010374069214,3.0
ZNF431,-0.4729520082473755,-0.7700067758560181,-0.30361923575401306,2.179718255996704,-0.052356261759996414,-0.5807831287384033,0.0
PURA,-0.3443465530872345,-0.8769311308860779,-0.10323598235845566,-1.0959069728851318,0.5132437944412231,1.9071780443191528,1.0
TGIF1,0.9229328632354736,1.4412906169891357,0.06937946379184723,-1.5270289182662964,-0.05122557654976845,-0.8553484678268433,7.0
ZNF324,-0.4974924623966217,-0.6648222208023071,-0.5407151579856873,0.007778269238770008,-0.49049606919288635,2.1857478618621826,1.0
ARID3A,-1.362066626548767,-0.33270150423049927,0.5413572788238525,1.4043465852737427,0.806557297706604,-1.057492971420288,0.0
IRX2,1.1104495525360107,-0.8027271032333374,0.29145756363868713,-0.4706146717071533,1.3155438899993896,-1.4441086053848267,4.0
ETS2,-0.7193536758422852,-0.48715123534202576,1.295326590538025,-1.3999848365783691,1.2670598030090332,0.04410421848297119,4.0
GLIS3,-0.9370778799057007,-0.9004542231559753,-0.3163432478904724,-0.6148325800895691,1.377098798751831,1.3916085958480835,3.0
ZBTB44,1.045821189880371,-0.9419562220573425,-0.010198055766522884,1.2385157346725464,0.22766301035881042,-1.5598465204238892,6.0
PHF5A,1.1658825874328613,1.5030291080474854,-0.16352513432502747,-0.7974921464920044,-0.4930914044380188,-1.2148034572601318,7.0
ZBTB43,-0.43047454953193665,-1.3226428031921387,-0.6603022813796997,1.202924132347107,-0.2461133897304535,1.4566091299057007,3.0
ZNF414,0.519954264163971,0.10035665333271027,0.07020359486341476,1.510605812072754,-0.38983726501464844,-1.8112823963165283,6.0
ZNF773,1.030035138130188,-0.7641431093215942,0.811102032661438,0.8018344044685364,-0.13651667535305023,-1.742311954498291,6.0
HIVEP2,-0.36616799235343933,-1.2595539093017578,-0.555749773979187,0.3391832709312439,-0.11773117631673813,1.9600205421447754,3.0
ARNTL,0.01294928789138794,-0.5703355669975281,-0.40744033455848694,2.149693489074707,-0.28796207904815674,-0.896904706954956,0.0
RELB,-0.20841528475284576,-1.614022970199585,-0.6863292455673218,1.3863884210586548,0.15590864419937134,0.9664703607559204,5.0
MYT1L,-0.4742274880409241,-0.575307309627533,-0.6383236646652222,1.8826099634170532,0.760962188243866,-0.9557135701179504,0.0
TSHZ1,-0.7335889339447021,-0.9531695246696472,-0.3228408992290497,-0.13428187370300293,0.03923867270350456,2.104641914367676,3.0
ZNF761,-0.7411550283432007,-1.1458308696746826,-0.6273633241653442,0.8757936954498291,-0.0848039835691452,1.7233600616455078,3.0
ZFX,0.31965887546539307,-1.6016018390655518,-0.8588823676109314,0.48353075981140137,0.1258346289396286,1.5314617156982422,3.0
ZSCAN12,0.18491452932357788,-0.41782933473587036,-0.5442296266555786,-0.9693354368209839,-0.35768088698387146,2.104161024093628,1.0
ZXDB,1.4051915407180786,-0.008100994862616062,0.6201760172843933,-1.2894442081451416,0.5616222023963928,-1.2894442081451416,4.0
MIER2,-0.7023448348045349,-1.5743321180343628,-0.05552273243665695,-0.08629932254552841,1.4249924421310425,0.993507444858551,3.0
ZNF572,-0.3731765151023865,-0.48708733916282654,-0.3772778809070587,-0.5752530694007874,-0.4178227484226227,2.2306175231933594,1.0
ZNF562,-0.6932536959648132,-0.601083517074585,-0.344274640083313,2.206162929534912,-0.20840540528297424,-0.35914576053619385,0.0
POU6F2,-1.1349378824234009,-0.8605952262878418,-0.6740199327468872,1.634864330291748,0.910356879234314,0.12433190643787384,5.0
ZNF518A,-0.8697351813316345,-0.9416932463645935,0.14331305027008057,1.937177300453186,0.3886246085166931,-0.6576855778694153,0.0
ZNF740,0.16382721066474915,-0.1785607784986496,0.1840408742427826,-0.12858811020851135,1.695746660232544,-1.7364659309387207,4.0
KLF12,-0.7337020635604858,-1.0039973258972168,-0.018244251608848572,2.016369104385376,-0.5507376790046692,0.2903119623661041,5.0
HES2,1.0092185735702515,-0.6951550841331482,0.03662434220314026,-0.8754605054855347,1.6026792526245117,-1.0779070854187012,4.0
SP2,-0.43733733892440796,-0.8095616102218628,-0.7511534094810486,1.5815871953964233,-0.792011022567749,1.208476185798645,5.0
TRERF1,1.8407593965530396,-0.6029791235923767,-0.3872329890727997,0.7817547917366028,-0.5380091667175293,-1.0942927598953247,2.0
SOX9,2.2064616680145264,-0.583448588848114,-0.17207090556621552,-0.583448588848114,-0.28404510021209717,-0.583448588848114,2.0
ZNF678,-0.177759051322937,-0.9999349117279053,0.3190312385559082,1.7534281015396118,0.3868643045425415,-1.2816306352615356,0.0
ZNF587,-0.5115159153938293,-1.0862759351730347,-0.24684321880340576,2.1076040267944336,-0.029369840398430824,-0.23359909653663635,5.0
PBX4,-1.2174659967422485,-1.0909234285354614,-0.44624677300453186,0.3812227249145508,1.4753681421279907,0.8980449438095093,3.0
FOXN1,2.236067771911621,-0.4472135901451111,-0.4472135901451111,-0.4472135901451111,-0.4472135901451111,-0.4472135901451111,2.0
ZNF774,1.3539501428604126,0.2551863193511963,0.4417315423488617,-1.329707384109497,0.6085463166236877,-1.329707384109497,4.0
EGR3,2.0276193618774414,-0.26791146397590637,0.3484019339084625,-0.8916581869125366,-0.3247934877872467,-0.8916581869125366,2.0
VEZF1,0.5458077788352966,-0.17066913843154907,-0.09402113407850266,0.43151700496673584,1.2598499059677124,-1.9724847078323364,6.0
NFYB,0.5427038669586182,1.6993473768234253,-0.08983606100082397,0.06290320307016373,-0.6878637075424194,-1.5272548198699951,7.0
ZNF581,1.5986602306365967,1.0472898483276367,-0.26106274127960205,-1.0477533340454102,-0.28938037157058716,-1.0477533340454102,7.0
STAT3,-1.2430716753005981,-1.17044198513031,0.03143411502242088,0.22162437438964844,0.48821842670440674,1.6722368001937866,3.0
HIVEP1,0.23516035079956055,-1.7012261152267456,-0.3799288868904114,0.18832652270793915,1.6939308643341064,-0.03626260533928871,3.0
RFX2,-1.2458088397979736,-1.1152604818344116,0.7566782832145691,-0.48951488733291626,1.3629803657531738,0.7309256196022034,3.0
ZNF551,0.5578531622886658,-0.4972691237926483,-0.11668706685304642,1.8188258409500122,-0.34929782152175903,-1.4134252071380615,0.0
NR3C2,-0.7579463720321655,-0.6965489387512207,-0.4294988214969635,2.110745906829834,-0.4841254949569702,0.2573734223842621,5.0
ZNF766,0.4380204975605011,0.06688211858272552,-0.14802056550979614,0.8708924055099487,0.8472059369087219,-2.0749802589416504,6.0
ZNF280C,-0.5842964053153992,-0.7250327467918396,-0.5310648679733276,2.159635543823242,0.10106223076581955,-0.42030370235443115,0.0
TEF,1.8206806182861328,-0.3431655168533325,-0.2084423005580902,-0.9985041618347168,0.7279353737831116,-0.9985041618347168,2.0
TP63,2.213989019393921,-0.4335022568702698,-0.26820531487464905,-0.42819008231163025,-0.35844042897224426,-0.7256503105163574,2.0
ZNF781,0.05269058793783188,0.14649203419685364,-0.6006726622581482,2.042048454284668,-0.597480058670044,-1.0430783033370972,0.0
ARNTL2,0.5082510709762573,-1.8333755731582642,-0.6234419941902161,-0.023778347298502922,1.1379921436309814,0.8343521356582642,3.0
ZHX3,-1.5853067636489868,-1.0156874656677246,0.12735167145729065,0.9995271563529968,1.1574149131774902,0.3166998028755188,5.0
ZNF561,-0.38610604405403137,-0.38028818368911743,-0.3656061291694641,2.2110397815704346,-0.31393706798553467,-0.7651029229164124,0.0
ZFP30,-0.6621242761611938,-0.8162156343460083,-0.20752845704555511,1.9153176546096802,0.6460480690002441,-0.8754972219467163,0.0
ZNF441,-0.5183595418930054,-0.4960687756538391,-0.31771615147590637,2.142528772354126,0.07724112272262573,-0.8876258730888367,0.0
STAT6,-1.2416585683822632,-1.0032861232757568,-0.0895148292183876,1.8164104223251343,0.330276757478714,0.18777330219745636,5.0
THAP1,1.0026942491531372,1.5997036695480347,-0.29547828435897827,-0.5608680248260498,-0.36838632822036743,-1.3776658773422241,7.0
ZNF277,-1.1003965139389038,-0.7163071632385254,-0.6696614623069763,1.913285493850708,0.24970752000808716,0.3233717978000641,5.0
E2F1,1.0560332536697388,-0.2038813829421997,-0.5806882977485657,-1.0096913576126099,-0.8985729813575745,1.636800765991211,1.0
ZNF134,-0.01719808205962181,-0.4687153100967407,-0.22886726260185242,2.0816168785095215,-0.20363642275333405,-1.163199543952942,0.0
ZNF512B,-0.30823954939842224,-1.0805143117904663,-0.7799633145332336,1.3512723445892334,-0.5835201144218445,1.400964617729187,3.0
NFKBIZ,-0.5719494819641113,-0.942500114440918,1.117345929145813,-0.3741828501224518,1.630362629890442,-0.8590754866600037,4.0
MAX,-0.38465583324432373,-0.261849045753479,-0.516771137714386,2.0622923374176025,0.20595300197601318,-1.1049689054489136,0.0
SRF,0.08779435604810715,-0.24505850672721863,0.7015746831893921,1.4868329763412476,-0.2518359124660492,-1.7793081998825073,6.0
ZNF655,0.6898394227027893,0.706760048866272,0.1220618411898613,0.3134395182132721,0.35540148615837097,-2.187500476837158,6.0
ZNF548,1.62558913230896,0.24071580171585083,0.12026477605104446,0.10265053063631058,-0.30565881729125977,-1.7835607528686523,7.0
ZBTB7B,-0.2859630882740021,-0.2781302332878113,0.4931022524833679,1.8025141954421997,-0.2140050232410431,-1.5175188779830933,0.0
SCX,-0.5202314853668213,-0.8858094811439514,-0.3507811427116394,-0.40000540018081665,-0.002256005071103573,2.1590840816497803,1.0
ZNF559,1.3071974515914917,1.1128650903701782,0.35113540291786194,-1.1719342470169067,-0.42732951045036316,-1.1719342470169067,7.0
E2F5,2.13541316986084,-0.3238210380077362,-0.10220713168382645,-0.811561107635498,-0.0862630158662796,-0.811561107635498,2.0
SMAD2,-0.7139489054679871,-1.1984888315200806,-0.6500917077064514,0.18952031433582306,0.562094509601593,1.8109153509140015,3.0
ZNF132,-0.44072410464286804,-0.41275230050086975,-0.5501459836959839,2.217784881591797,-0.20368796586990356,-0.6104742288589478,0.0
MEF2D,-0.6795462965965271,-0.976220965385437,-0.44991952180862427,2.031391143798828,-0.3188526928424835,0.39314761757850647,5.0
ZNF211,-0.4605083465576172,-0.5463988184928894,-0.03781948238611221,1.9268691539764404,0.391406387090683,-1.2735486030578613,0.0
GRHL3,2.234720230102539,-0.4620420038700104,-0.37465935945510864,-0.47671547532081604,-0.4445878565311432,-0.47671547532081604,2.0
ZNF76,-0.17638002336025238,-0.7584223747253418,-0.42740482091903687,2.065843343734741,0.2379918098449707,-0.9416275024414062,0.0
ZNF518B,0.03214241936802864,-0.6996716856956482,-0.4589855968952179,-0.9954095482826233,0.046903014183044434,2.0750224590301514,1.0
ZNF582,-0.6150240898132324,-0.7246121168136597,-0.7395551204681396,1.683666467666626,-0.7068893909454346,1.1024138927459717,5.0
YBX3,1.9257360696792603,-0.9475136399269104,-0.6147423982620239,0.6711252927780151,-0.3943484127521515,-0.6402580738067627,2.0
KDM5C,-0.7149054408073425,-1.2878901958465576,-0.2469797432422638,0.534481942653656,-0.14546526968479156,1.8607579469680786,3.0
E2F2,1.8931827545166016,0.5722517967224121,-0.035410184413194656,-0.9507169127464294,-0.5285903811454773,-0.9507169127464294,7.0
KAT6A,-1.1994413137435913,-1.163413166999817,-0.3407103419303894,1.5612019300460815,0.6018264293670654,0.5405371189117432,5.0
THAP5,1.218043565750122,0.24845245480537415,-0.3554672598838806,0.9546614289283752,-0.23179249465465546,-1.8338968753814697,6.0
IRX3,-0.47260811924934387,-0.6745088696479797,-0.06986236572265625,2.1392996311187744,-0.06438655406236649,-0.857933759689331,0.0
JUND,0.034286558628082275,-1.299349308013916,0.7394465804100037,-1.2514948844909668,0.332484632730484,1.4446275234222412,1.0
ZNF544,1.6354823112487793,0.680949866771698,-0.01104750670492649,-0.06899301707744598,-0.6963558197021484,-1.5400363206863403,7.0
ETV6,-0.6228377223014832,-1.38624107837677,-0.27114811539649963,0.6958847045898438,1.7610783576965332,-0.1767353117465973,5.0
KDM2A,-0.6981555819511414,-1.3336552381515503,-0.1911894679069519,1.7523213624954224,0.7432713508605957,-0.2725923955440521,5.0
ZNF487,-0.17435692250728607,0.11456543207168579,0.998877227306366,-0.6854697465896606,1.3659560680389404,-1.6195722818374634,4.0
MYC,1.2251861095428467,1.4299896955490112,-0.02888292260468006,-1.0702003240585327,-0.5576247572898865,-0.9984688758850098,7.0
ZNF689,1.4713937044143677,0.5326558947563171,-0.290463924407959,-0.2931739091873169,0.3788702189922333,-1.7992817163467407,7.0
EGR1,1.7844070196151733,0.0811278373003006,0.5674551725387573,-1.1474905014038086,-0.22783096134662628,-1.0576688051223755,7.0
TCF25,-0.1302354484796524,0.5100018978118896,-0.23602421581745148,1.7894506454467773,-0.42048296332359314,-1.512709617614746,0.0
ZNF354B,0.24190881848335266,-0.7561331987380981,-0.5324123501777649,2.095756769180298,-0.25645753741264343,-0.7926619648933411,0.0
RREB1,-0.9577341675758362,-1.078254222869873,-0.09196688234806061,1.9303644895553589,0.3867424726486206,-0.18915212154388428,5.0
KLF5,-1.0996747016906738,-1.3417115211486816,0.4121914803981781,0.42917171120643616,1.6235400438308716,-0.023521052673459053,3.0
ZNF599,1.4907256364822388,0.8854688405990601,-0.07665125280618668,-0.28120842576026917,-0.34890657663345337,-1.669428825378418,7.0
ZSCAN32,-0.2582097351551056,-0.4246838688850403,-0.32767510414123535,2.172520875930786,-0.22693738341331482,-0.9350149631500244,0.0
ZIK1,1.7521157264709473,0.7407397031784058,0.057033658027648926,-1.037415862083435,-0.4750572741031647,-1.037415862083435,7.0
NFX1,-0.3676786422729492,-1.6345192193984985,-0.4024004340171814,0.017269717529416084,0.8926080465316772,1.4947189092636108,3.0
ZNF540,-0.599433958530426,-0.4635818302631378,-0.1896461397409439,2.0904414653778076,0.15943701565265656,-0.9972163438796997,0.0
HOXA10,0.7817936539649963,-0.36747220158576965,0.29374974966049194,-1.148926854133606,1.5897823572158813,-1.148926854133606,4.0
DMAP1,1.023400902748108,0.6813222765922546,-0.4508342742919922,1.0231937170028687,-0.5703334808349609,-1.706749439239502,6.0
ZNF736,-0.587177038192749,-0.5019996166229248,-0.1975417584180832,2.159675121307373,-0.037120744585990906,-0.8358360528945923,0.0
ZKSCAN1,-0.3394835889339447,-0.9060900807380676,-0.31735867261886597,1.9911155700683594,0.4592672288417816,-0.8874498009681702,0.0
ZNF777,-0.06539887189865112,-0.6361485123634338,0.22534070909023285,0.7472336292266846,1.4369330406188965,-1.7079592943191528,6.0
E2F6,0.9393717050552368,0.05740467831492424,-0.5151395797729492,-1.6413110494613647,-0.2811484932899475,1.4408226013183594,1.0
EBF2,-0.48267993330955505,-0.4563269317150116,-0.41185450553894043,-0.5187095999717712,-0.3637627065181732,2.2333335876464844,1.0
NFKBIB,1.2477978467941284,0.8482507467269897,-0.05767170712351799,-0.8651251792907715,0.48188886046409607,-1.6551395654678345,7.0
TP53,1.431146264076233,0.6925874352455139,-0.06584367901086807,0.13442867994308472,-0.372763067483902,-1.8195559978485107,7.0
SNAPC4,-0.5041893124580383,-1.2598793506622314,-0.3131396174430847,1.9876123666763306,-0.18522663414478302,0.2748241722583771,5.0
SNAI2,1.7558050155639648,-0.542174756526947,0.7772760391235352,-1.0046634674072266,0.01842121034860611,-1.0046634674072266,2.0
ZBTB8B,1.809710144996643,0.7971628308296204,-0.24278855323791504,-0.9551451802253723,-0.4537941515445709,-0.9551451802253723,7.0
ZNF770,0.8753576278686523,-0.2516169548034668,-0.3483569622039795,-1.6752307415008545,-0.09471546113491058,1.4945621490478516,1.0
HIC2,0.13962477445602417,-0.7070145606994629,0.002358123892918229,1.9604264497756958,-0.12159229069948196,-1.273802638053894,0.0
ZNF317,-0.3974834680557251,-0.991241991519928,-0.6938003897666931,1.9110264778137207,-0.5106388926506042,0.682137668132782,5.0
ZNF75A,0.2787204384803772,-0.8543569445610046,0.35380205512046814,1.6052895784378052,0.1838531494140625,-1.567308783531189,6.0
IRX4,2.0617287158966064,-0.3723859488964081,-0.5704337954521179,0.38700324296951294,-0.7251186370849609,-0.7807942032814026,2.0
FOXM1,1.5162153244018555,0.6752519607543945,-0.23622390627861023,-1.3582522869110107,-1.062130093574524,0.46513915061950684,2.0
ZNF142,-0.4967213571071625,-0.7157604098320007,-0.5129596590995789,2.153090476989746,-0.5677921772003174,0.1401430070400238,5.0
ZNF226,0.9152510166168213,1.0209869146347046,0.7322465777397156,-1.0995533466339111,-0.028183404356241226,-1.5407477617263794,7.0
PITX2,-0.3547033965587616,-0.5416951775550842,-0.5136029720306396,-0.36970415711402893,-0.45115500688552856,2.230861186981201,1.0
ZNF835,2.1709542274475098,-0.07135652005672455,-0.6045659184455872,-0.6673246026039124,-0.16038240492343903,-0.6673246026039124,2.0
ZNF292,-0.46933165192604065,-1.6598128080368042,-0.5955148935317993,1.0995008945465088,0.5474028587341309,1.0777567625045776,3.0
ZNF195,0.5595157742500305,-0.4277454912662506,0.1486317217350006,0.8344115614891052,0.8855471611022949,-2.0003621578216553,6.0
ZNF793,-0.4684596359729767,-0.39659926295280457,-0.29155731201171875,2.1659772396087646,-0.09395807981491089,-0.9154031276702881,0.0
GLI4,-0.19931672513484955,-0.6018080115318298,-0.17353694140911102,1.5935674905776978,0.8815562129020691,-1.5004619359970093,6.0
ZNF362,1.2689980268478394,-0.43652722239494324,-0.17205214500427246,1.1193172931671143,-0.07350903004407883,-1.7062273025512695,6.0
POU2F3,2.1825690269470215,-0.3931635618209839,-0.3338201940059662,-0.6950110197067261,-0.06556297838687897,-0.6950110197067261,2.0
ZNF77,-0.07804083079099655,-1.413429617881775,-0.5497585535049438,-0.17771928012371063,0.3347349464893341,1.8842136859893799,3.0
TCFL5,0.0070198760367929935,-0.47221463918685913,-0.2770799398422241,1.124497413635254,1.2858197689056396,-1.6680420637130737,6.0
ZKSCAN4,0.022935986518859863,0.1496722400188446,-0.5765211582183838,1.9679934978485107,-0.2583407163619995,-1.305740237236023,0.0
ZNF83,-0.4365890324115753,-1.5446642637252808,-0.7941570281982422,1.1594200134277344,0.5408353209495544,1.0751557350158691,3.0
ZNF595,-0.17636160552501678,-0.5214658975601196,-0.499871164560318,-0.6207624077796936,-0.3962107002735138,2.2146716117858887,1.0
ZNF585B,-0.24877797067165375,-0.4128551185131073,-0.3946520686149597,2.1675753593444824,-0.17090913653373718,-0.9403811693191528,0.0
ZFP3,0.6266115307807922,-0.6578229665756226,0.34720468521118164,1.2775236368179321,0.2406330555677414,-1.8341498374938965,6.0
TCF4,-0.9118696451187134,-1.6009957790374756,0.034641992300748825,1.4292361736297607,0.5993360280990601,0.449651300907135,5.0
ARID1A,-0.3595243990421295,-1.7114617824554443,-0.07609597593545914,1.6386204957962036,0.007749143987894058,0.5007128715515137,5.0
ZNF45,-0.5447487235069275,-0.740317702293396,-0.7439928650856018,1.0865432024002075,-0.74876469373703,1.6912801265716553,3.0
PSPC1,-1.1590827703475952,-0.9198824763298035,-0.4306800365447998,1.8377423286437988,0.2314641773700714,0.440437376499176,5.0
TFE3,0.11080053448677063,-0.8338477611541748,-0.36769935488700867,2.1377642154693604,-0.3837618827819824,-0.6632564663887024,0.0
ZNF615,-0.5451934933662415,-0.5751581788063049,-0.6429914832115173,2.189532518386841,-0.4049895405769348,-0.021200671792030334,5.0
ZNF32,0.6753636002540588,1.1184700727462769,-0.15922634303569794,-1.1332353353500366,0.944647490978241,-1.4460203647613525,4.0
PRDM2,-1.0600852966308594,-1.1941407918930054,-0.25710827112197876,1.6184550523757935,0.874299943447113,0.01857834868133068,5.0
ZNF268,0.8276718854904175,0.03412485495209694,0.5809159874916077,0.5104380249977112,0.20841076970100403,-2.161561965942383,6.0
ZNF511,1.5048630237579346,1.218235969543457,-0.22191302478313446,-0.7613580226898193,-0.6365929841995239,-1.1032344102859497,7.0
LYAR,1.6434299945831299,1.0211509466171265,-0.6571553945541382,-0.8363224864006042,-1.0542515516281128,-0.11685144156217575,7.0
ZNF239,-0.3573704957962036,-0.5003774762153625,-0.5195095539093018,-0.4134473502635956,-0.44213858246803284,2.2328438758850098,1.0
TP73,0.060788508504629135,-0.9414750933647156,0.133991077542305,1.558932900428772,0.6736590266227722,-1.485896348953247,6.0
ZNF280D,-0.5300734043121338,-1.0488460063934326,-0.43293505907058716,-0.5676297545433044,0.664268434047699,1.9152165651321411,1.0
ZNF22,1.4907430410385132,1.2168631553649902,-0.2698764204978943,-1.2150989770889282,-0.6217239499092102,-0.6009078025817871,7.0
KLF16,-0.33694544434547424,-0.7586814761161804,-0.4329279363155365,-0.45898112654685974,-0.21817855536937714,2.2057149410247803,1.0
FOXJ2,1.201493263244629,-1.0928651094436646,-0.6202240586280823,-0.9708234667778015,0.05706701800227165,1.425351858139038,1.0
NCOR1,-0.13066792488098145,-0.7338010668754578,-0.6933581233024597,2.1013643741607666,0.1755949854850769,-0.7191314697265625,0.0
ZFP64,-0.7213050723075867,-0.05847450718283653,0.005024624057114124,1.0909103155136108,1.297295093536377,-1.6134482622146606,6.0
BACH1,-0.7796869277954102,-1.2599974870681763,-0.004320756997913122,-0.41136032342910767,1.7848399877548218,0.6705256104469299,3.0
MXD4,-1.1356678009033203,-1.1334360837936401,-0.41595739126205444,1.0706344842910767,0.17352686822414398,1.4408996105194092,3.0
ZNF333,-0.32344555854797363,-0.8009155988693237,0.08849523216485977,-0.5213063359260559,2.1500697135925293,-0.5928961634635925,4.0
USF2,0.9261596202850342,0.28273433446884155,-0.5835347175598145,-1.4626730680465698,1.4750224351882935,-0.6377095580101013,4.0
GABPA,-0.35454681515693665,-1.1228982210159302,-0.7612956762313843,0.1307750642299652,0.10662838816642761,2.001337766647339,3.0
KAT8,1.8634709119796753,0.35910335183143616,-0.18280668556690216,-1.3997058868408203,-0.0029446014668792486,-0.6371164917945862,7.0
ZNF823,0.4533437490463257,-0.735101044178009,-1.23833429813385,1.8692800998687744,-0.4622213542461395,0.1130330041050911,5.0
HMGA1,1.7214055061340332,1.0170308351516724,-0.38275057077407837,-0.838070809841156,-0.7902078628540039,-0.7274074554443359,7.0
ZNF789,-0.09354832023382187,-0.7036844491958618,-0.6579946875572205,2.1872713565826416,-0.2917914390563965,-0.44025281071662903,0.0
ZBTB7C,2.1837453842163086,-0.4831070303916931,-0.21221379935741425,-0.5056361556053162,-0.1641155183315277,-0.8186730146408081,2.0
ZNF227,0.5708215236663818,-0.14163652062416077,-0.20172201097011566,1.486384630203247,0.12680253386497498,-1.8406498432159424,6.0
ELK4,-0.09839649498462677,-0.9895095825195312,-0.5601503252983093,-0.37113040685653687,-0.11315377801656723,2.132341146469116,1.0
JDP2,1.6824415922164917,-0.5302535891532898,0.9471802115440369,-0.18085476756095886,-1.202170491218567,-0.716343879699707,2.0
SP4,-0.6082335710525513,-1.2783452272415161,-0.3149056136608124,-0.4993794858455658,1.3490276336669922,1.3518372774124146,3.0
BATF2,-0.5656818151473999,-0.4304162561893463,-0.3404901325702667,-0.6024959087371826,-0.2826133370399475,2.2216975688934326,1.0
BBX,0.7067962288856506,-1.7018005847930908,-0.8089110851287842,1.0938571691513062,0.8557097315788269,-0.14565064013004303,5.0
NR2F2,2.1325175762176514,-0.48748406767845154,-0.4980636537075043,-0.1253453940153122,-0.9740025997161865,-0.04762168601155281,2.0
KLF10,-0.7201289534568787,0.7465664744377136,0.8769959211349487,-1.8657349348068237,0.8059218525886536,0.15637986361980438,4.0
ZNF628,1.2608795166015625,0.29072630405426025,0.1274593472480774,-1.3090951442718506,0.9391246438026428,-1.3090951442718506,4.0
ZNF121,-0.35218510031700134,-0.5598979592323303,-0.37173545360565186,2.2272684574127197,-0.37550097703933716,-0.5679493546485901,0.0
ZNF600,-0.27876898646354675,-0.7689997553825378,-0.4173992872238159,2.1254241466522217,0.12884224951267242,-0.7890986800193787,0.0
KLF13,-1.0129611492156982,-0.6372995376586914,-0.00656000804156065,1.343029499053955,-1.0081695318222046,1.3219612836837769,5.0
SP100,-1.574578881263733,-0.46074196696281433,-0.5080446600914001,1.557008147239685,0.7573601603507996,0.22899726033210754,5.0
DNAJC2,1.1415698528289795,1.2168512344360352,0.2017025500535965,-1.01718270778656,-0.08211815357208252,-1.4608229398727417,7.0
ZNF552,-0.18556927144527435,-0.45206230878829956,-0.20680393278598785,2.1148087978363037,-0.16662688553333282,-1.1037460565567017,0.0
TRPS1,-0.3072909116744995,-0.7054222226142883,0.32435646653175354,1.8648391962051392,0.16444192826747894,-1.3409245014190674,0.0
STAT1,-1.4194785356521606,-0.27764949202537537,0.04330418258905411,-0.852653443813324,1.1156082153320312,1.3908690214157104,1.0
PLAGL1,-0.8785918951034546,-0.8654982447624207,-0.4778667688369751,2.020447254180908,-0.17138665914535522,0.3728967607021332,5.0
KAT7,0.4277815818786621,-0.35889187455177307,-0.18455179035663605,1.8005508184432983,-0.13791193068027496,-1.5469766855239868,0.0
MLXIP,-0.7870053052902222,-0.9577142596244812,-0.12143804132938385,-0.8324961066246033,1.5883270502090454,1.1103270053863525,3.0
ZNF131,-0.8873546719551086,-1.0546082258224487,-0.21896594762802124,1.4648743867874146,1.2602641582489014,-0.5642106533050537,5.0
EPAS1,-1.502644658088684,-1.1035948991775513,-0.09861421585083008,0.7842058539390564,0.794510543346405,1.1261379718780518,3.0
ARID5B,1.6700798273086548,0.42573776841163635,0.34949585795402527,-1.5897151231765747,-0.5121065974235535,-0.3434913754463196,7.0
ZBTB41,-0.7471482753753662,-0.7416552901268005,-0.12482452392578125,1.8847397565841675,0.6666728258132935,-0.93778395652771,0.0
FOXN3,-1.0546866655349731,-1.3240647315979004,-0.2703877389431,0.6294404864311218,1.5691311359405518,0.4505673050880432,3.0
ZNF836,-0.8543720841407776,-0.3499254882335663,-0.6039594411849976,0.6039315462112427,-0.7566781640052795,1.961004376411438,3.0
ZBTB38,-0.9556885361671448,-1.1583727598190308,-0.6994656920433044,0.953533947467804,0.3747648298740387,1.4852285385131836,3.0
ELF3,1.782043695449829,0.2753393054008484,0.3088572025299072,-0.9793194532394409,-0.08836856484413147,-1.2985529899597168,7.0
FOXD1,-0.39170828461647034,-0.45684826374053955,-0.46807417273521423,2.235276222229004,-0.4461706578731537,-0.4724747836589813,0.0
TEAD3,-1.1852104663848877,-0.9044939875602722,-0.1661146879196167,1.8899770975112915,-0.05227956548333168,0.4181212782859802,5.0
ETV5,2.075477123260498,-0.8015735745429993,-0.27939870953559875,-0.16914883255958557,0.13622638583183289,-0.9615833163261414,2.0
MTF1,-1.1162500381469727,-0.687433123588562,-0.5503333210945129,0.9085920453071594,-0.30402901768684387,1.749451756477356,3.0
ZNF629,0.5559965372085571,-0.20473118126392365,0.6398641467094421,-1.235185980796814,1.4792423248291016,-1.235185980796814,4.0
ZNF460,-0.4411905109882355,-0.7917165756225586,-0.1786523014307022,-0.789725124835968,0.07591641694307327,2.125368356704712,1.0
ERF,1.8013432025909424,-0.34554606676101685,-0.06720606982707977,0.5407136082649231,-0.47589609026908875,-1.4534082412719727,2.0
ARID3B,-0.525996208190918,-1.0668951272964478,-0.5807050466537476,2.0564613342285156,-0.01873079501092434,0.1358659267425537,5.0
TEAD2,-0.9694779515266418,1.0313012599945068,0.46066993474960327,0.0864986702799797,1.035540223121643,-1.644532561302185,6.0
ZNF496,-0.1530553698539734,-0.9774020314216614,-0.330204576253891,-0.2977706491947174,-0.4009232521057129,2.159355878829956,1.0
IRF8,-0.4630213975906372,-0.4047515392303467,-0.41390588879585266,2.2330856323242188,-0.400834321975708,-0.5505725145339966,0.0
ZNF451,-0.8227530717849731,-1.0419151782989502,-0.40013590455055237,2.0074877738952637,0.04419652372598648,0.2131199836730957,5.0
PBX1,0.8532616496086121,-1.2245715856552124,-0.7027033567428589,-0.07487380504608154,-0.5685785412788391,1.7174659967422485,1.0
ZNF215,-0.9978225231170654,-0.6211382150650024,-0.3655678927898407,2.1125004291534424,0.019833805039525032,-0.1478055715560913,5.0
CREB3,0.672674834728241,1.4208693504333496,-0.1794741153717041,-0.09721923619508743,0.049829211086034775,-1.8666795492172241,7.0
ZNF672,0.2306738644838333,-0.415982186794281,-0.6822254657745361,-0.8365726470947266,-0.4042264521121979,2.1083321571350098,1.0
ZBED5,0.24334681034088135,-1.1687873601913452,-1.0119999647140503,0.3612799644470215,-0.25545015931129456,1.8316103219985962,3.0
ZNF322,-0.4667041599750519,-0.3389824628829956,-1.0807973146438599,2.0104737281799316,-0.5360537171363831,0.4120648205280304,5.0
ZNF408,0.6756611466407776,0.7497636079788208,0.9744900465011597,-1.3932453393936157,0.38657546043395996,-1.3932453393936157,4.0
ZNF57,1.3319265842437744,0.22724168002605438,0.4192998707294464,-0.7740429639816284,0.5540874004364014,-1.758512020111084,4.0
SOX13,1.5155575275421143,-0.7862061858177185,-0.3521226942539215,0.7413134574890137,0.38567930459976196,-1.504220962524414,6.0
ZBTB24,1.5878326892852783,0.7497627139091492,-1.1928337812423706,-0.5093952417373657,0.4008103013038635,-1.0361744165420532,7.0
FOXP1,-0.0910455659031868,-1.0868254899978638,-0.4487915635108948,-0.8908456563949585,0.6901678442955017,1.82733952999115,1.0
GCM1,-1.6378130912780762,-0.6424879431724548,-0.2557847201824188,1.3407145738601685,0.19310009479522705,1.0022715330123901,5.0
ARNT2,-0.2685488760471344,-0.13198310136795044,0.30436140298843384,-0.9523840546607971,2.000938653945923,-0.9523840546607971,4.0
SMARCE1,1.4403076171875,0.9138243198394775,0.010564640164375305,-0.9582079648971558,0.06586500257253647,-1.4723541736602783,7.0
SOX5,-0.9435899257659912,-1.1454732418060303,-0.308252215385437,1.360917329788208,-0.2921566963195801,1.3285548686981201,3.0
ZNF621,-0.6166825890541077,-1.0676482915878296,-0.521263837814331,1.9826973676681519,-0.24364429712295532,0.46654266119003296,5.0
ZNF345,-0.517906904220581,-0.527874231338501,-0.35042449831962585,2.0904998779296875,0.2524823844432831,-0.9467769265174866,0.0
HES1,2.194580316543579,-0.7615920305252075,-0.5902620553970337,-0.2722058892250061,-0.381549596786499,-0.1889703869819641,2.0
ZNF25,-0.45113036036491394,-0.4652369022369385,-0.40503594279289246,2.234123706817627,-0.3925473392009735,-0.5201728940010071,0.0
BCL3,-0.5269086360931396,-0.2891879975795746,0.35469385981559753,0.2223644256591797,1.7679898738861084,-1.5289523601531982,6.0
ZNF16,0.6510505676269531,-1.47150456905365,0.06671102344989777,-0.9775660634040833,0.17572462558746338,1.5555845499038696,1.0
ZNF516,-0.5206845998764038,-0.6710953116416931,0.9691259860992432,1.295462965965271,0.4847783148288727,-1.5575876235961914,6.0
ZNF776,0.15574795007705688,-0.341469407081604,-0.34806180000305176,-1.2556535005569458,-0.23671571910381317,2.0261526107788086,1.0
FOXN2,-1.326992154121399,-1.0075836181640625,0.00014091112825553864,1.4062538146972656,1.102665901184082,-0.17448507249355316,5.0
ZNF529,-0.09364604204893112,-0.9189863801002502,0.08056232333183289,-1.4713255167007446,0.9928314089775085,1.4105641841888428,1.0
ZNF148,-0.8656559586524963,-1.2311722040176392,-0.6074228286743164,1.6822929382324219,0.4285697638988495,0.5933889746665955,5.0
FOXO4,2.2255165576934814,-0.42614564299583435,-0.427299827337265,-0.3338497281074524,-0.39166536927223206,-0.6465555429458618,2.0
ZNF337,0.6734216809272766,-0.36290305852890015,0.09433050453662872,0.22929494082927704,1.2879605293273926,-1.922105073928833,6.0
ZNF34,-0.7044115662574768,-0.6439376473426819,-0.7890812754631042,0.6787922382354736,-0.4835135340690613,1.9421523809432983,3.0
E2F3,2.0359947681427,-0.6798587441444397,-0.42049160599708557,0.10974031686782837,-1.0959490537643433,0.050565674901008606,2.0
KLF7,-0.6148070096969604,-0.8385862112045288,-0.1782633364200592,-1.0079371929168701,0.879714846611023,1.7598786354064941,1.0
OVOL1,1.0496002435684204,-0.34899184107780457,-0.5825331211090088,-0.9896726608276367,-0.8047465682029724,1.676344394683838,1.0
ZNF502,0.06293648481369019,-0.5380725264549255,-0.16353745758533478,2.01535964012146,-0.10934942960739136,-1.267336130142212,0.0
ZNF446,0.2980292737483978,-0.0125210490077734,0.37987416982650757,0.10484135895967484,1.2670235633850098,-2.0372474193573,6.0
ZNF507,0.30853211879730225,-1.475874900817871,-0.2647149860858917,1.7691720724105835,0.31607306003570557,-0.6531886458396912,0.0
TFAM,1.7461576461791992,0.9883240461349487,-0.41083186864852905,-0.8155530691146851,-0.7931704521179199,-0.7149261236190796,7.0
HMG20A,0.6236473917961121,-1.9668896198272705,-0.5993824601173401,0.7545067071914673,0.36161136627197266,0.8265026211738586,3.0
SMARCA1,0.9819960594177246,-0.8516929149627686,-0.69097900390625,-1.1036447286605835,0.04799261689186096,1.6163280010223389,1.0
KLF4,1.40373957157135,-0.06856967508792877,0.8967280387878418,-1.2539066076278687,0.27591487765312195,-1.2539066076278687,4.0
AEBP2,0.0410100556910038,-1.667834997177124,-0.7609130144119263,1.4888032674789429,0.5418781042098999,0.3570559620857239,5.0
ZNF668,-1.350473165512085,-0.26545777916908264,-1.1370636224746704,1.1763889789581299,0.4832594394683838,1.0933482646942139,3.0
FOXJ3,-1.2927900552749634,-1.1034072637557983,-0.36856886744499207,1.3926217555999756,0.46863865852355957,0.9035072326660156,5.0
ZNF483,1.4752583503723145,0.11786074936389923,-0.22475342452526093,-1.1789710521697998,0.9895768761634827,-1.1789710521697998,4.0
NR1H2,0.7746009230613708,0.7651887536048889,-0.17041203379631042,0.44919419288635254,0.30109885334968567,-2.1196706295013428,6.0
FOSL2,-1.0004996061325073,0.4097256660461426,1.1423674821853638,-1.6871675252914429,0.6997419595718384,0.4358305335044861,4.0
ZNF420,-0.6839419007301331,-0.8630838394165039,-0.6817380785942078,2.0526108741760254,0.30466124415397644,-0.12850748002529144,5.0
YBX1,1.0630501508712769,1.5684911012649536,-0.1695617288351059,-1.0441683530807495,-0.3309972286224365,-1.0868126153945923,7.0
TCF12,-1.1308003664016724,-1.321559190750122,-0.3742906451225281,0.8332998752593994,0.7195761799812317,1.2737737894058228,3.0
MYCL,-0.9737435579299927,-1.1523921489715576,-0.7320138216018677,0.8237789869308472,0.5481311082839966,1.4862406253814697,3.0
TSC22D3,-1.5840827226638794,0.9260925650596619,0.9692128896713257,-1.13258695602417,0.2188633531332016,0.6025002598762512,1.0
CSRNP1,0.5004890561103821,-0.46939098834991455,0.56825190782547,1.1347558498382568,0.23181943595409393,-1.9659252166748047,6.0
ZBTB7A,-0.21805819869041443,-1.0563942193984985,-0.3772864043712616,2.1300277709960938,-0.09296395629644394,-0.38532522320747375,0.0
ZNF749,0.2497069239616394,1.121900200843811,-0.5565816760063171,-1.10311758518219,1.3912101984024048,-1.10311758518219,4.0
ZNF684,-0.44037699699401855,-0.2275453805923462,-0.37977126240730286,2.1422343254089355,-0.08798409253358841,-1.0065562725067139,0.0
MAFF,1.0166879892349243,-1.500226616859436,1.0329676866531372,0.7347177267074585,-0.2650289535522461,-1.0191134214401245,6.0
NR4A2,1.1840271949768066,0.026077713817358017,1.2917646169662476,-0.6515134572982788,-0.2957473397254944,-1.5546085834503174,7.0
TGIF2,2.2168984413146973,-0.23322995007038116,-0.402631551027298,-0.6040682792663574,-0.37290051579475403,-0.6040682792663574,2.0
NRL,-0.19440703094005585,-0.40239226818084717,-0.4503074884414673,2.1848208904266357,-0.2714778780937195,-0.866236686706543,0.0
GLI3,0.3982175588607788,-1.277078628540039,0.24159909784793854,-0.9573466181755066,1.7883193492889404,-0.19371198117733002,4.0
ZNF701,-0.041689433157444,-1.1427562236785889,-0.6123305559158325,2.027803421020508,0.1834418773651123,-0.4144679009914398,0.0
ZNF24,-0.28013917803764343,-0.4753657877445221,-0.4314432740211487,2.2195804119110107,-0.35867393016815186,-0.6739591360092163,0.0
ZNF79,-0.04864196106791496,-0.5472180843353271,-0.4617600440979004,2.020474433898926,0.20381096005439758,-1.1666654348373413,0.0
HSF4,-1.1385644674301147,-1.1137911081314087,-0.4348430633544922,1.5585051774978638,0.24174831807613373,0.8869451880455017,5.0
ZNF222,1.4745378494262695,1.1133321523666382,0.12885095179080963,-1.0406262874603271,-0.635468602180481,-1.0406262874603271,7.0
ZNF444,0.8941497206687927,-1.2159044742584229,-0.758574366569519,-0.9747795462608337,0.82175612449646,1.2333530187606812,1.0
PPARG,-1.4716742038726807,-0.5221108198165894,-0.6880015134811401,1.5464998483657837,0.40619733929634094,0.7290897369384766,5.0
ADNP,-0.4522194564342499,-1.3828400373458862,-0.45769742131233215,1.8384145498275757,0.53602534532547,-0.0816841572523117,5.0
THAP9,0.728175938129425,0.5328911542892456,0.2124732881784439,-1.3491690158843994,1.2247973680496216,-1.3491690158843994,4.0
ZNF574,1.5079691410064697,0.8309552073478699,0.07790931314229965,-1.230355143547058,0.04387635365128517,-1.230355143547058,7.0
PITX1,2.1356496810913086,-0.05161125957965851,-0.08892949670553207,-0.7951701283454895,-0.40476900339126587,-0.7951701283454895,2.0
TADA2A,-0.35467565059661865,-1.0643596649169922,-1.0254703760147095,1.463767170906067,-0.2397722750902176,1.2205116748809814,5.0
E2F4,1.611706018447876,0.7657294869422913,-0.1399785578250885,-0.25072792172431946,-0.3769006133079529,-1.6098288297653198,7.0
ZNF189,1.1892743110656738,0.28380656242370605,0.7837936282157898,-1.3568466901779175,0.45681849122047424,-1.3568466901779175,4.0
ZBTB39,1.1062862873077393,-0.028942665085196495,1.0461775064468384,-1.3102926015853882,0.49706414341926575,-1.3102926015853882,4.0
ZNF571,-0.4969106912612915,-0.3588844835758209,-0.3226117491722107,2.1599998474121094,-0.05903126671910286,-0.9225614070892334,0.0
KDM5D,-0.054950159043073654,-0.6447168588638306,0.40385374426841736,1.7508900165557861,0.07681998610496521,-1.5318962335586548,0.0
ZNF468,0.6830381751060486,0.0202605202794075,0.020144836977124214,1.1893069744110107,0.11341045796871185,-2.0261614322662354,6.0
THAP6,0.4952046573162079,0.056955110281705856,0.15332691371440887,0.765407919883728,0.6894041895866394,-2.1602988243103027,6.0
ZNF558,0.6181063652038574,-0.3302045166492462,0.10761137306690216,1.4262359142303467,0.03880857303738594,-1.8605575561523438,6.0
ZNF100,-1.1112133264541626,-0.8994410634040833,-0.5660281777381897,1.1555964946746826,-0.09278516471385956,1.5138728618621826,3.0
ZNF532,-0.708423376083374,-0.8305717706680298,-0.32771003246307373,-0.8517085909843445,0.9846426248550415,1.7337719202041626,1.0
ZNF181,1.0644842386245728,0.1602698415517807,0.5915109515190125,-1.3572745323181152,0.8982834219932556,-1.3572745323181152,4.0
NPAS2,0.7222964763641357,-1.7560977935791016,1.128170371055603,0.5180254578590393,-0.8831619620323181,0.27076780796051025,2.0
CREB3L2,-1.0010732412338257,-1.0426545143127441,-0.19169265031814575,1.9237000942230225,0.4056307077407837,-0.09391040354967117,5.0
TFEC,-0.5269880294799805,-0.9926378130912781,-0.6524467468261719,0.9352023601531982,-0.5373630523681641,1.7742334604263306,3.0
ZFP14,0.5236186385154724,-1.3236019611358643,-0.5572859644889832,0.15499314665794373,-0.6064578890800476,1.8087342977523804,1.0
ZBTB42,0.054925572127103806,-0.49276411533355713,-0.4444299042224884,2.074186086654663,-0.07439052313566208,-1.1175271272659302,0.0
TFDP2,0.17621973156929016,-0.30771806836128235,-0.6880834102630615,2.1124749183654785,-0.4201042056083679,-0.8727893233299255,0.0
ZNF671,-0.3292868733406067,-0.3910127580165863,-0.49274080991744995,2.163827896118164,-0.05010773241519928,-0.9006797075271606,0.0
ZNF331,0.9448170065879822,-0.4931665360927582,-0.4234931468963623,1.755751132965088,-0.8180125951766968,-0.9658956527709961,0.0
ZNF497,1.2229700088500977,-0.5614497661590576,0.2076493501663208,0.34425434470176697,0.6761149764060974,-1.8895388841629028,6.0
IRF1,0.8316160440444946,-0.27419447898864746,0.9018643498420715,-2.0517313480377197,0.1643579602241516,0.42808616161346436,4.0
ATF5,1.905378818511963,-0.13591934740543365,-0.9968913197517395,0.14383035898208618,-1.1352092027664185,0.2188105583190918,2.0
NONO,1.315808892250061,1.1665910482406616,-0.056778863072395325,-0.291030615568161,-0.5469342470169067,-1.5876563787460327,7.0
ETV4,-0.7345759272575378,0.09172826260328293,-0.21245893836021423,1.9344598054885864,0.19609466195106506,-1.2752480506896973,0.0
NFKBIL1,0.8503245711326599,0.8829895257949829,-1.0483826398849487,0.40594202280044556,-1.6939971446990967,0.6031227111816406,2.0
ZNF138,-0.7731667160987854,-0.9528675079345703,-1.0646522045135498,1.5402469635009766,0.30380764603614807,0.9466323256492615,5.0
ZNF180,0.02540191449224949,-0.47518470883369446,-0.12576335668563843,1.882651686668396,0.17079485952854156,-1.477900505065918,0.0
SOX4,-2.072605848312378,0.24708491563796997,0.4562031030654907,1.1792795658111572,0.20985761284828186,-0.01981860026717186,5.0
CREBL2,-0.4435383379459381,0.0905565619468689,-0.6156474947929382,1.3344520330429077,1.1528242826461792,-1.5186457633972168,6.0
ZNF253,-0.2978344261646271,-0.42860662937164307,-0.3275323212146759,2.073112726211548,0.12414752691984177,-1.143287181854248,0.0
NR4A3,0.957340657711029,-0.7704330086708069,-0.09386726468801498,1.651339054107666,-0.5310359001159668,-1.2133427858352661,0.0
ATF3,1.296065330505371,0.7732519507408142,0.5487105250358582,-1.0860569477081299,-0.03515547513961792,-1.49681556224823,7.0
ZNF350,-0.5174721479415894,-0.21898239850997925,-0.5571079850196838,-0.6493125557899475,-0.2664867043495178,2.2093615531921387,1.0
ZXDC,0.28412503004074097,-1.4783101081848145,-0.5715217590332031,1.4825890064239502,0.9061132073402405,-0.6229956746101379,0.0
ZNF687,-0.3881756365299225,-1.2060898542404175,-0.36319810152053833,0.8839768767356873,-0.668485164642334,1.7419719696044922,3.0
KLF2,-0.667928159236908,-1.5519882440567017,-0.4038497805595398,1.3844231367111206,0.2339920550584793,1.0053507089614868,5.0
ZNF213,-0.8771196007728577,-0.8050394654273987,-0.6810484528541565,-0.10956557840108871,0.512011706829071,1.9607611894607544,3.0
ARNT,-0.547621488571167,-0.07620427757501602,0.6162580251693726,1.0176200866699219,0.8677222728729248,-1.877774715423584,6.0
LRRFIP1,-1.5501561164855957,-0.060059238225221634,-0.19802957773208618,1.8747059106826782,-0.1700931042432785,0.10363378375768661,5.0
FOSB,0.838196337223053,-0.4586847424507141,1.4056273698806763,-1.7399731874465942,0.18078899383544922,-0.22595497965812683,4.0
ERG,0.017674939706921577,-0.2021595537662506,1.6342062950134277,-1.1399527788162231,0.8301833868026733,-1.1399527788162231,4.0
GRHL1,-0.7391865849494934,-0.7599806189537048,-0.162800133228302,2.1117711067199707,0.15509140491485596,-0.6048955321311951,0.0
ZSCAN9,-0.584465503692627,-0.8652095198631287,-0.7827547192573547,1.4716862440109253,-0.5792847871780396,1.3400285243988037,5.0
BATF3,-0.04343309625983238,1.9108176231384277,0.4395960569381714,-1.2587947845458984,-0.42476412653923035,-0.6234227418899536,7.0
ZC3H8,1.810991883277893,0.3588167726993561,-0.2640242874622345,-0.26505139470100403,-0.07686181366443634,-1.5638700723648071,7.0
MEF2C,-0.038156889379024506,-0.6764230132102966,1.0846021175384521,0.556400716304779,0.8832512497901917,-1.80967378616333,6.0
MIER3,-0.39933809638023376,-1.0421420335769653,-0.721511960029602,0.5343039631843567,-0.3306662440299988,1.959354043006897,3.0
ZNF90,0.7912220358848572,-0.02285965159535408,-0.022177325561642647,-1.6978142261505127,-0.5335371494293213,1.4851659536361694,1.0
KLF3,-0.16439823806285858,-0.9699625968933105,-0.9675652384757996,1.7589491605758667,-0.5152591466903687,0.8582360744476318,5.0
NFE2L2,0.8071488738059998,-0.6304994821548462,-0.4371311366558075,1.4880638122558594,0.33280396461486816,-1.5603861808776855,6.0
ZNF302,-0.623370885848999,-0.9909279346466064,-0.6101987361907959,1.5743151903152466,-0.560145914554596,1.2103290557861328,5.0
RC3H2,-0.8273921012878418,-1.2854716777801514,-0.47358399629592896,1.7113027572631836,0.6897698044776917,0.18537510931491852,5.0
MECOM,-0.5247462391853333,-0.81235271692276,-0.3573649227619171,-0.31410279870033264,-0.18340016901493073,2.1919667720794678,1.0
ZNF384,-0.677513599395752,-1.3295520544052124,0.6186007857322693,1.3293431997299194,0.9300316572189331,-0.8709120154380798,0.0
ZNF263,-0.053001128137111664,-0.30993854999542236,-0.29670318961143494,-1.1737573146820068,-0.2569085657596588,2.09030818939209,1.0
SP140L,-1.1934951543807983,-0.7963863015174866,-0.4412580728530884,0.3068901300430298,0.22659257054328918,1.8976575136184692,3.0
LRRFIP2,-1.0017935037612915,-0.8797387480735779,-0.5382047295570374,1.9389995336532593,0.07076350599527359,0.40997427701950073,5.0
KLF11,0.8293084502220154,-0.6417084336280823,0.5645676255226135,0.5926727652549744,0.6171849370002747,-1.9620250463485718,6.0
TFAP2A,0.5141723155975342,0.24978114664554596,-0.5697168707847595,-1.0161539316177368,-0.9994190335273743,1.8213322162628174,1.0
ESRRG,1.6397894620895386,-1.2734763622283936,-0.48534852266311646,-0.11684805154800415,-0.7223892211914062,0.958272397518158,2.0
THAP3,0.7223479151725769,0.867420494556427,-0.9728485345840454,-1.1957504749298096,-0.7550978064537048,1.3339300155639648,1.0
ZNF569,-0.7995230555534363,-0.6518681049346924,-0.4484323561191559,2.117354393005371,-0.44632214307785034,0.22879105806350708,5.0
HIF1A,-0.5464845895767212,-0.46810829639434814,-0.00041025824612006545,1.9785128831863403,0.2610577642917633,-1.2245668172836304,0.0
BNC1,-0.5709947347640991,-0.6040822863578796,-0.44537848234176636,-0.6144295334815979,0.060132820159196854,2.1747524738311768,1.0
ZNF570,-0.7015001177787781,-0.26751378178596497,-0.11313828825950623,2.128911256790161,-0.10900094360113144,-0.9377583265304565,0.0
ZNF616,-0.9871720671653748,-0.4545310437679291,-1.0235998630523682,1.2047463655471802,-0.2429964244365692,1.5035539865493774,3.0
ELF2,-0.8694282174110413,-1.3327901363372803,-0.6104505658149719,1.304918646812439,0.39634889364242554,1.1114007234573364,3.0
GATAD1,1.0723938941955566,-0.7714245915412903,-0.520555317401886,1.4898658990859985,0.056738145649433136,-1.3270186185836792,6.0
SHOX2,-0.980988621711731,-0.6666603684425354,0.48673826456069946,0.5516127347946167,1.6950466632843018,-1.0857487916946411,6.0
ZNF513,-0.46702414751052856,-0.7863574028015137,-0.25923237204551697,2.191509485244751,-0.517164409160614,-0.16173167526721954,0.0
SMAD4,-0.23534344136714935,-0.7451983094215393,-0.042830612510442734,1.6194965839385986,0.8392607569694519,-1.4353853464126587,6.0
ZNF33A,-0.664009690284729,-1.0169165134429932,-0.7250186204910278,1.9594529867172241,0.04977060481905937,0.39672014117240906,5.0
JARID2,-1.3465285301208496,-1.11609947681427,-0.16584493219852448,1.128303050994873,1.2577049732208252,0.24246487021446228,5.0
ARID1B,-0.7667995691299438,-1.5417535305023193,-0.37897709012031555,1.3790243864059448,0.3958074450492859,0.9126984477043152,5.0
ZNF426,0.023446206003427505,-0.5592356324195862,-0.9833859801292419,2.0612637996673584,-0.6734864115715027,0.13139699399471283,5.0
ZNF611,-0.4231734871864319,-0.5425841808319092,-0.3700471818447113,2.208872079849243,-0.1822187900543213,-0.6908485293388367,0.0
REL,-0.5376675128936768,-0.3357428312301636,0.4557587504386902,1.5113435983657837,0.5730291604995728,-1.6667190790176392,6.0
ESR2,-0.7970783710479736,-0.9513896107673645,-0.7741896510124207,1.9167771339416504,0.2670596241950989,0.3388204574584961,5.0
ZKSCAN2,1.2316492795944214,-0.11448948830366135,0.3959480822086334,-1.2735670804977417,1.0340263843536377,-1.2735670804977417,4.0
HMGXB4,1.0179884433746338,-0.06586188077926636,-1.7420523166656494,0.011374683119356632,-0.5111182928085327,1.2896685600280762,1.0
NFE2L3,2.229544162750244,-0.3881339132785797,-0.49438974261283875,-0.46659955382347107,-0.32025718688964844,-0.5601639151573181,2.0
ZNF440,-0.6883721947669983,-1.0801453590393066,-0.1970326006412506,2.015655279159546,0.33305853605270386,-0.38316264748573303,5.0
ZNF514,-0.178202822804451,-0.36363258957862854,-0.3603719472885132,-0.9142400622367859,-0.3607466220855713,2.177194118499756,1.0
ZNF146,1.7226366996765137,0.08861623704433441,-0.5280027985572815,-1.6371150016784668,0.13738517463207245,0.21647696197032928,2.0
ZSCAN21,-0.25565579533576965,-0.41442903876304626,-0.45243844389915466,2.2171459197998047,-0.40008118748664856,-0.6945411562919617,0.0
HOXB4,1.4274152517318726,1.0692403316497803,0.18906907737255096,-1.1466014385223389,-0.3925214111804962,-1.1466014385223389,7.0
ZNF358,0.903623104095459,-0.16525420546531677,0.8604099750518799,-1.30362069606781,1.0084624290466309,-1.30362069606781,4.0
ZNF771,1.3172489404678345,-0.05108297988772392,-0.20771627128124237,1.0107662677764893,-0.3077576160430908,-1.7614587545394897,6.0
E4F1,-0.5532341599464417,-0.8039796352386475,-0.3309130370616913,2.188368558883667,-0.14064955711364746,-0.359591543674469,0.0
ZNF790,-0.4556932747364044,-0.32260701060295105,-0.33723071217536926,2.010390520095825,0.30506205558776855,-1.1999212503433228,0.0
SOX12,-0.18261410295963287,-0.56389981508255,-0.4507148563861847,2.1863932609558105,-0.19794616103172302,-0.7912183403968811,0.0
ZNF445,-0.20199979841709137,-0.7643803954124451,-0.5588048696517944,-0.5368461608886719,-0.11973769217729568,2.1817686557769775,1.0
NFKBID,-0.2279914766550064,-0.41402667760849,-0.3031836450099945,2.108672857284546,-0.051949385553598404,-1.1115219593048096,0.0
ZSCAN26,1.2733774185180664,1.067711353302002,-0.5147747993469238,0.21995550394058228,-0.378341943025589,-1.6679285764694214,7.0
ZNF575,-0.2165793478488922,1.1951199769973755,-0.23587356507778168,-1.0926686525344849,1.4426698684692383,-1.0926686525344849,4.0
HMGA2,-0.4263993203639984,-0.4514426589012146,-0.4440663456916809,2.2358269691467285,-0.43904927372932434,-0.47486957907676697,0.0
ETS1,-0.5889365077018738,-0.8958981037139893,-0.36664894223213196,2.1392276287078857,-0.3656788170337677,0.07793491333723068,5.0
POGZ,-0.5934586524963379,-1.5581272840499878,-0.42996346950531006,1.582767367362976,0.6243765354156494,0.3744050860404968,5.0
PRDM15,-0.6543378829956055,-0.8377363681793213,-0.7243899703025818,1.2759554386138916,-0.5962722897529602,1.5367810726165771,3.0
ZNF772,1.396087408065796,0.7193823456764221,0.514622688293457,-1.2772797346115112,-0.07553292065858841,-1.2772797346115112,7.0
ZNF281,-0.30045557022094727,0.2309940755367279,0.9075145125389099,-2.0619006156921387,0.4845425486564636,0.7393039464950562,1.0
ZNF7,-0.15697799623012543,-0.6913278102874756,-0.6581189632415771,2.0446765422821045,0.3386339545249939,-0.8768852353096008,0.0
CTCF,-0.3001393675804138,-1.376800298690796,-0.5639617443084717,1.8798319101333618,-0.040067024528980255,0.40113648772239685,5.0
MAFG,-0.4670320153236389,-0.5331371426582336,0.40894439816474915,1.5325944423675537,0.6559199094772339,-1.5972894430160522,6.0
NFIC,-0.24553993344306946,-0.5241581201553345,-0.23593953251838684,2.0145909786224365,0.21723368763923645,-1.2261866331100464,0.0
THAP7,0.691834568977356,0.4385955035686493,-0.5283222198486328,-1.3826346397399902,-0.800027072429657,1.5805546045303345,1.0
SP1,0.2343941628932953,-1.659830093383789,-0.27633237838745117,1.7614848613739014,0.03741683065891266,-0.0971318930387497,5.0
THAP8,0.5226566195487976,0.17970873415470123,-0.6130601167678833,1.717490553855896,-0.29649537801742554,-1.5103009939193726,0.0
ADNP2,0.6087024807929993,-1.446790337562561,0.515350341796875,0.9496623277664185,0.7287260293960571,-1.3556519746780396,6.0
CREBZF,-0.46269217133522034,-1.2340445518493652,-0.5517624616622925,0.3783976435661316,-0.08150744438171387,1.95160973072052,3.0
TBX5,-0.31610482931137085,-0.45498716831207275,-0.4679484963417053,2.2294178009033203,-0.41345638036727905,-0.5769211649894714,0.0
ZNF814,-0.6030967235565186,-0.6886798143386841,-0.6927172541618347,2.1503617763519287,-0.23180507123470306,0.06593704223632812,5.0
ZNF48,1.5228184461593628,0.1117851734161377,0.31994307041168213,-1.2696776390075684,0.5848084688186646,-1.2696776390075684,4.0
ZNF429,-0.7845597267150879,-1.0833706855773926,-0.6580526232719421,1.7372716665267944,0.8679567575454712,-0.07924377918243408,5.0
KMT2B,-0.37089279294013977,-0.888292133808136,0.004597930703312159,2.0466954708099365,0.13811464607715607,-0.9302238821983337,0.0
ZC3H6,-0.5478299856185913,-1.370915174484253,-0.8678166270256042,1.3352839946746826,0.3855768144130707,1.0656994581222534,3.0
LHX4,-0.5304235219955444,-0.708905041217804,-0.6401514410972595,-0.19742001593112946,-0.10404239594936371,2.1809427738189697,1.0
ZNF234,-0.44275811314582825,-1.1426963806152344,-1.0493179559707642,1.006763219833374,0.08655694127082825,1.5414533615112305,3.0
ZNF879,-0.5834867358207703,-0.5317487716674805,-0.6384204030036926,0.3892633020877838,-0.7118797302246094,2.0762722492218018,3.0
ZNF721,-0.09962660074234009,-1.098344087600708,-0.36459189653396606,1.9166676998138428,0.49914172291755676,-0.8532468676567078,0.0
ZFP62,0.5328999757766724,0.16619521379470825,-0.29086315631866455,1.1351799964904785,0.4781135618686676,-2.021526336669922,6.0
STAT2,-1.4602389335632324,-1.040542483329773,-0.1658598929643631,1.2334038019180298,0.3932814598083496,1.0399563312530518,3.0
ATOH8,-0.5785834193229675,-0.5066409111022949,-0.32667237520217896,2.2070722579956055,-0.1582958698272705,-0.6368796229362488,0.0
ZNF184,0.3897639811038971,-0.2489800751209259,-0.47423937916755676,-1.1617995500564575,-0.49606001377105713,1.9913151264190674,1.0
MYBL1,0.12501782178878784,-0.9677990674972534,-0.5690656304359436,0.09282868355512619,-0.7271015644073486,2.0461196899414062,1.0
ATF6,-0.9556000232696533,-0.8841937780380249,-0.6214267015457153,1.8568875789642334,-0.07744953036308289,0.6817837953567505,5.0
ZBTB18,0.48879557847976685,-0.6788591742515564,0.07551269233226776,0.9226743578910828,1.0306285619735718,-1.8387507200241089,6.0
NFXL1,-1.0801807641983032,-1.2352988719940186,-0.6153676509857178,0.8248195648193359,0.9293841123580933,1.1766420602798462,3.0
ZNF565,-0.8296793699264526,-1.0652432441711426,-0.7603471279144287,1.6528319120407104,0.07433129101991653,0.9281070828437805,5.0
ZFP69B,0.9695049524307251,1.3134223222732544,0.16863299906253815,-1.2832270860671997,0.11489420384168625,-1.2832270860671997,7.0
SSRP1,1.675046443939209,0.9575352668762207,-0.19240649044513702,-0.8891463875770569,-0.4241609573364258,-1.1268681287765503,7.0
ZNF786,0.9815419912338257,0.00014376133913174272,-0.14471349120140076,0.19235679507255554,0.9767893552780151,-2.0061192512512207,6.0
ZNF10,-0.21290083229541779,-0.40631309151649475,-0.3071668744087219,2.1827380657196045,-0.3620307445526123,-0.8943263292312622,0.0
SP6,1.5499932765960693,-0.8498572707176208,-0.8962517380714417,-0.21680550277233124,-0.7783592343330383,1.191280484199524,2.0
PPP1R13L,0.18094991147518158,-1.3830476999282837,-0.7372233271598816,1.8553045988082886,0.22263610363006592,-0.13862039148807526,5.0
ZNF664,1.1018801927566528,-0.22802016139030457,0.2214651107788086,0.03592919185757637,0.8562836647033691,-1.9875378608703613,6.0
GATA2,-0.6399435997009277,1.008705496788025,-0.732892632484436,-0.5462297797203064,-0.833834171295166,1.744192361831665,1.0
HEY1,-0.18086875975131989,1.93886399269104,0.48094937205314636,-0.34481602907180786,-0.7681506276130676,-1.1259783506393433,7.0
ZNF443,1.5099067687988281,-0.28880560398101807,-0.23724503815174103,1.1381337642669678,-0.9311537146568298,-1.1908365488052368,2.0
ZNF524,1.3866498470306396,0.6681367754936218,-0.7969334125518799,-1.4887080192565918,-0.4980847239494324,0.7289396524429321,2.0
MEF2A,-0.7845657467842102,-1.1407701969146729,-0.6578298807144165,1.0895344018936157,-0.07410033047199249,1.5677317380905151,3.0
GATA3,-1.6727181673049927,-0.752541184425354,-0.3234744071960449,0.9384999871253967,0.8283019661903381,0.98193359375,3.0
ETV3,-0.38979411125183105,-0.4714076817035675,0.34453296661376953,1.8091706037521362,0.19003702700138092,-1.4825382232666016,0.0
FOSL1,2.1738157272338867,-0.1327410340309143,-0.1396588385105133,-0.7071467638015747,-0.4871223568916321,-0.7071467638015747,2.0
ZNF816,1.5819892883300781,1.0066416263580322,-0.41487765312194824,-1.0750107765197754,-0.023731311783194542,-1.0750107765197754,7.0
ZNF763,-0.06476179510354996,-0.4771851599216461,-0.40699753165245056,-0.8468320965766907,-0.3813541829586029,2.1771304607391357,1.0
ZNF512,-0.6360551714897156,-0.5400280952453613,-0.2703464925289154,1.9887967109680176,0.4799232482910156,-1.0222903490066528,0.0
ZNF254,-0.5813937187194824,-0.47486141324043274,-0.03884979709982872,1.9321274757385254,0.4035468101501465,-1.2405693531036377,0.0
TCF7,0.09163631498813629,0.2972358763217926,0.6197742819786072,1.303219199180603,-0.3981754183769226,-1.9136899709701538,6.0
CEBPA,1.6995612382888794,-1.0059115886688232,0.36761289834976196,-1.382979393005371,0.15340693295001984,0.1683100014925003,2.0
ZNF525,1.5033001899719238,-0.9449986815452576,0.08075671643018723,0.25690993666648865,0.6413190364837646,-1.5372868776321411,6.0
SMARCC1,-1.0039703845977783,-1.1285970211029053,-0.48668283224105835,1.7204831838607788,0.20699815452098846,0.6917675733566284,5.0
ELF1,-0.7524922490119934,-1.0274937152862549,-0.5031020641326904,2.021899461746216,0.09376014769077301,0.16742800176143646,5.0
GTF3A,1.030449390411377,1.5231130123138428,-0.1299663931131363,-1.0679975748062134,-0.15723817050457,-1.1983600854873657,7.0
TFAP4,1.8097180128097534,0.6256511807441711,-0.10144743323326111,-1.0687947273254395,-0.1963319480419159,-1.0687947273254395,7.0
ZNF500,0.0793147161602974,-0.7885845303535461,0.022422250360250473,-1.6342352628707886,1.2192968130111694,1.1017855405807495,1.0
ZNF33B,-0.290641188621521,-0.9376140832901001,-0.9027499556541443,1.958884596824646,0.5158326029777527,-0.3437119722366333,0.0
ELK1,0.46958377957344055,-0.6158128380775452,-0.8381461501121521,0.4660443067550659,-1.2149864435195923,1.7333168983459473,1.0
MNT,-0.13120806217193604,-0.5798792839050293,0.2828710973262787,1.4323850870132446,0.7248232960700989,-1.7289916276931763,6.0
HOMEZ,1.0593595504760742,1.1776554584503174,0.059832863509655,-0.8610209226608276,0.208139106631279,-1.6439664363861084,7.0
GATA6,-0.8535285592079163,-0.44104474782943726,-0.5283915400505066,2.001246690750122,-0.7123940587043762,0.5341132283210754,5.0
ZNF480,-0.16498564183712006,0.8537594079971313,-0.09373706579208374,1.1250430345535278,0.2557646930217743,-1.975841760635376,6.0
ELK3,-1.1149215698242188,-0.80463707447052,-0.6448013186454773,1.4223017692565918,-0.14264103770256042,1.2846988439559937,5.0
ZNF714,0.1192459762096405,-0.13389377295970917,-0.37983226776123047,2.0085532665252686,-0.3137425184249878,-1.300330400466919,0.0
MIER1,-0.5768112540245056,-1.2851368188858032,-0.7973127961158752,0.6284675598144531,0.3360660970211029,1.6947249174118042,3.0
KMT2A,-0.20184075832366943,-1.0170713663101196,0.09805867075920105,0.8946590423583984,1.542994737625122,-1.3168004751205444,6.0
POU4F1,2.1223316192626953,-0.09584879130125046,-0.5994319915771484,-0.7490512132644653,0.07105163484811783,-0.7490512132644653,2.0
ZNF319,0.11397708207368851,-0.2682725787162781,0.025576571002602577,-0.9494696855545044,2.027658700942993,-0.9494696855545044,4.0
ZSCAN25,0.8501133322715759,-0.016545897349715233,0.3619341552257538,-0.9946742057800293,1.3377268314361572,-1.5385537147521973,4.0
NFATC2,1.5062079429626465,-0.6159547567367554,0.4523617625236511,-1.0990025997161865,0.8553902506828308,-1.0990025997161865,4.0
ZFP42,0.430501252412796,1.5923913717269897,-0.14074349403381348,-1.5199260711669922,-0.8457062244415283,0.48348286747932434,7.0
FOXO3,-0.9686236381530762,-1.1016497611999512,-0.2447873055934906,1.8635225296020508,0.5525375604629517,-0.10100008547306061,5.0
NFATC3,0.0422411672770977,-1.0852253437042236,-0.6204107999801636,2.0831849575042725,-0.27242621779441833,-0.14736343920230865,0.0
ZNF17,1.3838690519332886,1.0425328016281128,0.05652638152241707,-1.2234243154525757,-0.03607972711324692,-1.2234243154525757,7.0
ZNF415,1.0443423986434937,0.9410656690597534,0.1785787045955658,-1.3578439950942993,0.5517010688781738,-1.3578439950942993,7.0
ID2,1.1715474128723145,1.0199371576309204,0.030112899839878082,0.36251750588417053,-1.0511683225631714,-1.5329464673995972,7.0
ZNF580,1.7146607637405396,0.5722410082817078,-0.265365868806839,-0.765975832939148,0.17444303631782532,-1.4300034046173096,7.0
FOXC1,0.6275684833526611,-0.7924900650978088,-0.5465991497039795,1.9407117366790771,-0.3339441120624542,-0.8952467441558838,0.0
TBX19,-0.7407723069190979,-0.44359689950942993,-0.24176014959812164,1.9030708074569702,0.6161096692085266,-1.0930507183074951,0.0
BHLHE40,1.5974072217941284,0.18579114973545074,0.360604465007782,-1.7390700578689575,-0.5002482533454895,0.09551593661308289,2.0
ZNF784,1.16282320022583,-0.3538452982902527,0.07514859735965729,1.1454524993896484,-0.25804403424263,-1.771536111831665,6.0
ZFHX3,-0.5537102222442627,-1.4775364398956299,-0.6647554636001587,0.41258707642555237,0.7601529955863953,1.5232633352279663,3.0
ZNF8,0.9568002223968506,-0.07578597217798233,0.7571242451667786,-1.3218311071395874,1.0055240392684937,-1.3218311071395874,4.0
ZNF267,-0.22891581058502197,-0.6668113470077515,0.42156389355659485,-1.323464035987854,-0.09061915427446365,1.8882465362548828,1.0
MAZ,1.0599405765533447,-0.1506955772638321,1.0618294477462769,-0.911871612071991,0.5506484508514404,-1.6098484992980957,4.0
NFATC4,0.2822795510292053,-0.5066679120063782,0.11266874521970749,-0.9328761696815491,1.9774720668792725,-0.9328761696815491,4.0
ZNF493,0.17218086123466492,-0.20052295923233032,0.8068089485168457,1.2688764333724976,-0.13672491908073425,-1.9106184244155884,6.0
TFDP1,2.0185275077819824,0.5142349004745483,-0.5518407225608826,-0.8348010182380676,-0.6110831499099731,-0.5350379943847656,2.0
MYCN,-1.2099846601486206,-0.45272645354270935,-0.1253139078617096,2.047147035598755,-0.342738538980484,0.08361683040857315,5.0
ZNF91,-0.9531148672103882,-1.1952167749404907,-0.3572078049182892,1.811147689819336,0.2632737159729004,0.43111714720726013,5.0
ZBTB40,-0.9562983512878418,-0.9524489641189575,-0.4987180531024933,1.9147979021072388,-0.019939597696065903,0.5126073956489563,5.0
ZNF75D,-0.38729965686798096,-0.5975703597068787,-0.17406950891017914,1.8089594841003418,0.6697290539741516,-1.3197489976882935,0.0
NR6A1,-0.6624047160148621,0.12169955670833588,-0.2614170014858246,2.121447801589966,-0.4281262457370758,-0.891200065612793,0.0
ZNF691,1.1981779336929321,1.07839834690094,-0.41112178564071655,-0.15631644427776337,0.08014842122793198,-1.789286732673645,7.0
ZNF316,-0.9267972111701965,-1.4654555320739746,0.0007513405871577561,0.6017347574234009,0.17732886970043182,1.6124379634857178,3.0
CXXC1,0.9002711176872253,0.8941097259521484,0.3677081763744354,-0.19928786158561707,0.08837992697954178,-2.051180839538574,7.0
KLF9,-0.4659309685230255,-0.4930797815322876,-0.3976457118988037,2.2324435710906982,-0.3531840443611145,-0.5226032733917236,0.0
ZNF546,-0.3046605885028839,-0.47456973791122437,-0.2719992399215698,-0.8261193633079529,-0.31895971298217773,2.1963088512420654,1.0
TEAD4,2.203003406524658,-0.14644740521907806,-0.4636878967285156,-0.47489574551582336,-0.3859758675098419,-0.731996476650238,2.0
ZNF248,-0.7881650924682617,-0.9150751829147339,-0.6844885349273682,0.2172781080007553,0.17136789858341217,1.9990829229354858,3.0
DBP,1.8712304830551147,0.3945143222808838,-0.03615722805261612,-1.0809649229049683,-0.06765791773796082,-1.0809649229049683,7.0
NFKB1,-1.1681233644485474,-1.3339983224868774,-0.24549318850040436,0.7224803566932678,0.6785712838172913,1.3465632200241089,3.0
TCF3,-0.5736590623855591,-0.8112584948539734,-0.24593864381313324,1.7509510517120361,0.9092946648597717,-1.0293893814086914,0.0
ZNF433,0.6707854866981506,-0.2455342710018158,-0.35298246145248413,1.7264325618743896,-0.2801054120063782,-1.5185962915420532,0.0
IRF7,-1.009920358657837,0.36048808693885803,-0.16936036944389343,-0.2658582031726837,-0.9003306031227112,1.9849811792373657,1.0
KAT5,0.9868985414505005,0.9820785522460938,-0.7667638063430786,0.9851283431053162,-1.3291642665863037,-0.858178436756134,7.0
ZNF43,-0.07820267975330353,-0.554594099521637,-0.2657422721385956,1.6677162647247314,0.7420421838760376,-1.5112202167510986,6.0
ZNF124,-0.8228667974472046,-0.6956384181976318,-0.3500041961669922,2.1591145992279053,-0.224275141954422,-0.06632980704307556,5.0
EGR2,1.4887350797653198,0.0006482413155026734,0.9849233031272888,-1.1836706399917603,-0.10696548223495483,-1.1836706399917603,7.0
CDC5L,1.3262009620666504,0.785022497177124,0.06572939455509186,-0.30339691042900085,0.004882315639406443,-1.8784397840499878,7.0
IRF6,2.064760684967041,-0.01400024350732565,-0.2971324324607849,-0.058643925935029984,-0.5247254371643066,-1.1702582836151123,2.0
ZNF410,1.325925588607788,-0.05702081322669983,0.7804856300354004,-1.2927080392837524,0.5360261797904968,-1.2927080392837524,4.0
ZNF586,-0.7017565369606018,-1.0086119174957275,-0.6060897707939148,1.9891200065612793,-0.07373446971178055,0.4010730981826782,5.0
TBX1,-0.8211760520935059,-0.6516477465629578,-0.41656768321990967,2.136902332305908,0.13169915974140167,-0.37921035289764404,0.0
ZNF232,1.159463882446289,0.8579525351524353,-0.3748234808444977,0.739137589931488,-0.7456560730934143,-1.6360749006271362,7.0
ZNF506,0.7979339361190796,0.4488450288772583,0.7155946493148804,-1.178122639656067,0.823248028755188,-1.6074992418289185,4.0
NCOA3,-0.4235844314098358,-1.3722259998321533,-0.5263871550559998,0.01602812297642231,0.44561877846717834,1.8605525493621826,3.0
ZNF404,0.964735209941864,0.895926296710968,0.9516744613647461,-1.284937858581543,-0.24246062338352203,-1.284937858581543,7.0
TOX,-0.20681115984916687,-0.6167755126953125,0.2707211375236511,1.9047749042510986,0.017417296767234802,-1.3693269491195679,0.0
FOXK1,-0.4351736605167389,-0.885453462600708,-0.3521738052368164,2.158216714859009,0.009140226058661938,-0.49455684423446655,0.0
ZBTB21,-0.46283966302871704,-1.3379807472229004,-0.5653265118598938,0.41070130467414856,0.08457239717245102,1.8708727359771729,3.0
ZNF311,-0.38094982504844666,-0.290688157081604,-0.4559893012046814,2.223703622817993,-0.4561087489128113,-0.639967679977417,0.0
ZBED2,2.165890693664551,-0.5227459073066711,-0.5841529369354248,-0.5841529369354248,0.10931388288736343,-0.5841529369354248,2.0
HAND2,-0.5261619091033936,-0.6755374073982239,0.09590132534503937,-0.9717446565628052,0.0006902155000716448,2.076852798461914,1.0
ZNF579,0.9664523601531982,-0.1247938796877861,1.1038650274276733,-1.3030040264129639,0.6604843139648438,-1.3030040264129639,4.0
ATRX,-0.6181612014770508,-1.2789257764816284,-0.463145911693573,1.9123036861419678,0.29640844464302063,0.15152102708816528,5.0
CIC,0.20222555100917816,-0.6775506734848022,0.3793828785419464,1.369236707687378,0.5189151763916016,-1.7922098636627197,6.0
ZNF419,1.0428755283355713,0.16501019895076752,0.25652575492858887,1.1219944953918457,-0.9647538065910339,-1.6216520071029663,6.0
ZNF652,-0.9508162140846252,-1.0694643259048462,-0.5519953966140747,0.3860638737678528,0.3485631048679352,1.8376491069793701,3.0
MAFK,-0.6171140074729919,-1.778322696685791,-0.0849841982126236,1.2660362720489502,0.8409700989723206,0.37341398000717163,5.0
PHTF2,0.5723759531974792,-0.8799582123756409,-0.6414217948913574,1.9553041458129883,-0.7834209203720093,-0.2228788584470749,0.0
EBF1,-0.8502081036567688,-1.269305944442749,0.2851640284061432,1.8922162055969238,0.006661869585514069,-0.06452827155590057,5.0
PURB,0.4691418409347534,-1.4160877466201782,-0.05459083989262581,0.971647322177887,1.2038679122924805,-1.1739784479141235,6.0
ZNF143,-0.4515928030014038,-0.4986972212791443,-0.48500314354896545,2.230206251144409,-0.291689395904541,-0.5032240152359009,0.0
ZNF692,-0.2635229229927063,-0.5311967134475708,-0.0865686908364296,2.0885064601898193,-0.07903990149497986,-1.1281777620315552,0.0
JUNB,1.3988806009292603,0.4261815547943115,0.6302931904792786,-1.2693620920181274,0.16517987847328186,-1.3511730432510376,7.0
ZNF260,-0.5898990631103516,-0.7821838855743408,-0.8608855605125427,1.9348466396331787,-0.35641640424728394,0.6545377969741821,5.0
ZNF219,1.0927152633666992,-0.6998444199562073,-0.5818910002708435,1.6789236068725586,-0.5885774493217468,-0.9013252258300781,0.0
RUNX2,-0.5120095014572144,-0.48751360177993774,-0.44750985503196716,2.0975589752197266,0.2614924907684326,-0.9120190739631653,0.0
ZNF140,0.13349471986293793,0.03852471336722374,0.1050950363278389,0.8391728401184082,0.9654026031494141,-2.081690788269043,6.0
ZNF682,-1.2361682653427124,-0.3376665711402893,-0.504642128944397,1.511325478553772,-0.6269925236701965,1.194144368171692,5.0
RARA,-1.5654714107513428,-0.6069142818450928,0.256820946931839,-0.11961671710014343,1.735124111175537,0.30005529522895813,3.0
PBX2,1.1571418046951294,0.014471705071628094,0.3486357629299164,0.15210624039173126,0.41237035393714905,-2.0847256183624268,6.0
EGR4,2.1562047004699707,-0.32587558031082153,0.025943372398614883,-0.7448064684867859,-0.36665958166122437,-0.7448064684867859,2.0
RORA,-0.2736632227897644,-1.0558080673217773,0.6169759631156921,-1.0249346494674683,-0.09821121394634247,1.8356420993804932,1.0
SOX15,2.2284412384033203,-0.2702361047267914,-0.4482673108577728,-0.50754714012146,-0.4948436915874481,-0.50754714012146,2.0
TAF1,-0.9138603210449219,-1.1598304510116577,-0.4854682683944702,0.5789685845375061,0.18753936886787415,1.7926509380340576,3.0
